F_true,sigma_psf,workflow,F_est,signed_rel_error
800.0,1.5,A,800.0,0.0
800.0,1.5,B,800.0,0.0
800.0,1.5,C,800.0,0.0
800.0,1.5,E,799.9999999999972,-3.552713678800501e-15
800.0,1.75,A,800.0,0.0
800.0,1.75,B,800.0,0.0
800.0,1.75,C,800.0,0.0
800.0,1.75,E,799.9999999999999,-1.4210854715202004e-16
800.0,2.0,A,800.0000000000001,1.4210854715202004e-16
800.0,2.0,B,800.0000000000001,1.4210854715202004e-16
800.0,2.0,C,800.0000000000001,1.4210854715202004e-16
800.0,2.0,E,800.0,0.0
800.0,2.25,A,800.0,0.0
800.0,2.25,B,800.0,0.0
800.0,2.25,C,800.0,0.0
800.0,2.25,E,800.0000000013742,1.7178081179736181e-12
800.0,2.5,A,800.0,0.0
800.0,2.5,B,800.0,0.0
800.0,2.5,C,800.0,0.0
800.0,2.5,E,799.9999999999999,-1.4210854715202004e-16
800.0,2.75,A,799.9999999999998,-2.842170943040401e-16
800.0,2.75,B,799.9999999999998,-2.842170943040401e-16
800.0,2.75,C,799.9999999999998,-2.842170943040401e-16
800.0,2.75,E,800.0000000000558,6.977529665164184e-14
800.0,3.0,A,800.0,0.0
800.0,3.0,B,800.0,0.0
800.0,3.0,C,800.0,0.0
800.0,3.0,E,800.0,0.0
800.0,3.25,A,800.0,0.0
800.0,3.25,B,800.0,0.0
800.0,3.25,C,800.0,0.0
800.0,3.25,E,799.9999999999966,-4.263256414560601e-15
800.0,3.5,A,800.0,0.0
800.0,3.5,B,800.0,0.0
800.0,3.5,C,800.0,0.0
800.0,3.5,E,800.0,0.0
800.0,3.75,A,799.9999999999889,-1.3926637620897963e-14
800.0,3.75,B,799.9999999999889,-1.3926637620897963e-14
800.0,3.75,C,799.9999999999889,-1.3926637620897963e-14
800.0,3.75,E,799.999999999997,-3.694822225952521e-15
800.0,4.0,A,799.9999999994707,-6.616573955398053e-13
800.0,4.0,B,799.9999999994707,-6.616573955398053e-13
800.0,4.0,C,799.9999999994707,-6.616573955398053e-13
800.0,4.0,E,799.9999999994749,-6.563993792951805e-13
1000.0,1.5,A,1000.0,0.0
1000.0,1.5,B,1000.0,0.0
1000.0,1.5,C,1000.0,0.0
1000.0,1.5,E,999.9999999999964,-3.637978807091713e-15
1000.0,1.75,A,1000.0,0.0
1000.0,1.75,B,1000.0,0.0
1000.0,1.75,C,1000.0,0.0
1000.0,1.75,E,999.9999999999998,-2.2737367544323206e-16
1000.0,2.0,A,1000.0,0.0
1000.0,2.0,B,1000.0,0.0
1000.0,2.0,C,1000.0,0.0
1000.0,2.0,E,1000.0,0.0
1000.0,2.25,A,1000.0000000000001,1.1368683772161603e-16
1000.0,2.25,B,1000.0000000000001,1.1368683772161603e-16
1000.0,2.25,C,1000.0000000000001,1.1368683772161603e-16
1000.0,2.25,E,1000.0,0.0
1000.0,2.5,A,1000.0,0.0
1000.0,2.5,B,1000.0,0.0
1000.0,2.5,C,1000.0,0.0
1000.0,2.5,E,1000.0,0.0
1000.0,2.75,A,999.9999999999998,-2.2737367544323206e-16
1000.0,2.75,B,999.9999999999998,-2.2737367544323206e-16
1000.0,2.75,C,999.9999999999998,-2.2737367544323206e-16
1000.0,2.75,E,1000.00000000007,7.003109203651547e-14
1000.0,3.0,A,1000.0,0.0
1000.0,3.0,B,1000.0,0.0
1000.0,3.0,C,1000.0,0.0
1000.0,3.0,E,999.9999999999999,-1.1368683772161603e-16
1000.0,3.25,A,1000.0,0.0
1000.0,3.25,B,1000.0,0.0
1000.0,3.25,C,1000.0,0.0
1000.0,3.25,E,999.9999999999972,-2.842170943040401e-15
1000.0,3.5,A,999.9999999999998,-2.2737367544323206e-16
1000.0,3.5,B,999.9999999999998,-2.2737367544323206e-16
1000.0,3.5,C,999.9999999999998,-2.2737367544323206e-16
1000.0,3.5,E,1000.0,0.0
1000.0,3.75,A,999.9999999999861,-1.3869794202037155e-14
1000.0,3.75,B,999.9999999999861,-1.3869794202037155e-14
1000.0,3.75,C,999.9999999999861,-1.3869794202037155e-14
1000.0,3.75,E,999.9999999999961,-3.865352482534945e-15
1000.0,4.0,A,999.9999999993382,-6.617710823775269e-13
1000.0,4.0,B,999.9999999993382,-6.617710823775269e-13
1000.0,4.0,C,999.9999999993382,-6.617710823775269e-13
1000.0,4.0,E,1000.0,0.0
1200.0,1.5,A,1200.0,0.0
1200.0,1.5,B,1200.0,0.0
1200.0,1.5,C,1200.0,0.0
1200.0,1.5,E,1199.9999999999955,-3.789561257387201e-15
1200.0,1.75,A,1200.0,0.0
1200.0,1.75,B,1200.0,0.0
1200.0,1.75,C,1200.0,0.0
1200.0,1.75,E,1200.0,0.0
1200.0,2.0,A,1200.0,0.0
1200.0,2.0,B,1200.0,0.0
1200.0,2.0,C,1200.0,0.0
1200.0,2.0,E,1200.0000000000002,1.8947806286936006e-16
1200.0,2.25,A,1200.0000000000002,1.8947806286936006e-16
1200.0,2.25,B,1200.0000000000002,1.8947806286936006e-16
1200.0,2.25,C,1200.0000000000002,1.8947806286936006e-16
1200.0,2.25,E,1200.0000000000002,1.8947806286936006e-16
1200.0,2.5,A,1200.0,0.0
1200.0,2.5,B,1200.0,0.0
1200.0,2.5,C,1200.0,0.0
1200.0,2.5,E,1200.0,0.0
1200.0,2.75,A,1199.9999999999998,-1.8947806286936006e-16
1200.0,2.75,B,1199.9999999999998,-1.8947806286936006e-16
1200.0,2.75,C,1199.9999999999998,-1.8947806286936006e-16
1200.0,2.75,E,1200.000000000083,6.915949294731641e-14
1200.0,3.0,A,1200.0,0.0
1200.0,3.0,B,1200.0,0.0
1200.0,3.0,C,1200.0,0.0
1200.0,3.0,E,1200.0,0.0
1200.0,3.25,A,1200.0,0.0
1200.0,3.25,B,1200.0,0.0
1200.0,3.25,C,1200.0,0.0
1200.0,3.25,E,1199.9999999999968,-2.652692880171041e-15
1200.0,3.5,A,1200.0,0.0
1200.0,3.5,B,1200.0,0.0
1200.0,3.5,C,1200.0,0.0
1200.0,3.5,E,1200.0,0.0
1200.0,3.75,A,1199.9999999999832,-1.4021376652332644e-14
1200.0,3.75,B,1199.9999999999832,-1.4021376652332644e-14
1200.0,3.75,C,1199.9999999999832,-1.4021376652332644e-14
1200.0,3.75,E,1199.9999999999948,-4.357995445995281e-15
1200.0,4.0,A,1199.999999999206,-6.616573955398053e-13
1200.0,4.0,B,1199.999999999206,-6.616573955398053e-13
1200.0,4.0,C,1199.999999999206,-6.616573955398053e-13
1200.0,4.0,E,1200.0,0.0
