sample_id,intrinsic_amplitude_factor,sigma_psf
0.000000000000000000e+00,9.219529549354690268e-01,2.279620632586105700e+00
1.000000000000000000e+00,1.159499206463960652e+00,2.182503968837089303e+00
2.000000000000000000e+00,9.896472089394815486e-01,3.294260778729669603e+00
3.000000000000000000e+00,9.566266417468962668e-01,3.186551845221677226e+00
4.000000000000000000e+00,8.217187541879366064e-01,1.635117101653215999e+00
5.000000000000000000e+00,1.082399977293811322e+00,2.444524792009412195e+00
6.000000000000000000e+00,1.034926833311709427e+00,1.568791452662768204e+00
7.000000000000000000e+00,1.056172171633579016e+00,2.928321601073019309e+00
8.000000000000000000e+00,1.166738558096698908e+00,2.619945189878782443e+00
9.000000000000000000e+00,1.072441629205409974e+00,2.596820845917340748e+00
1.000000000000000000e+01,1.030366666847553514e+00,3.234490515018961787e+00
1.100000000000000000e+01,1.089546505215349237e+00,2.497712027808228097e+00
1.200000000000000000e+01,1.156706940769971270e+00,3.535468650939769919e+00
1.300000000000000000e+01,1.190426816754387218e+00,3.338616467032021973e+00
1.400000000000000000e+01,8.442358620612091524e-01,2.403585259024074716e+00
1.500000000000000000e+01,1.095515905259135225e+00,2.158320319610739890e+00
1.600000000000000000e+01,1.021081513318035539e+00,1.940991970224676733e+00
1.700000000000000000e+01,1.052891287342578197e+00,2.728894961051371304e+00
1.800000000000000000e+01,9.485806939990775177e-01,2.168210977894595270e+00
1.900000000000000000e+01,1.128815569909598304e+00,2.501561218165178069e+00
2.000000000000000000e+01,8.405692467575512916e-01,1.745397200567632368e+00
2.100000000000000000e+01,1.091775821149189918e+00,2.078245838888379993e+00
2.200000000000000000e+01,1.047084924635953929e+00,2.314393279335509757e+00
2.300000000000000000e+01,8.828674282639679127e-01,2.256603248830804098e+00
2.400000000000000000e+01,1.134153572668903598e+00,2.904402813747818612e+00
2.500000000000000000e+01,8.150674686346622844e-01,2.013406981544461516e+00
2.600000000000000000e+01,1.070599189891173308e+00,2.193235227780398144e+00
2.700000000000000000e+01,1.096168069001061562e+00,3.066488413382842282e+00
2.800000000000000000e+01,9.162885396655003900e-01,2.584154836711867187e+00
2.900000000000000000e+01,8.252825785589121832e-01,2.960343485189158130e+00
3.000000000000000000e+01,1.002100655876857926e+00,3.097102439606126190e+00
3.100000000000000000e+01,1.078507531606206271e+00,1.756003354207349210e+00
3.200000000000000000e+01,8.583175613703941664e-01,2.704228983063337921e+00
3.300000000000000000e+01,8.682628332476891586e-01,2.399711689860844821e+00
3.400000000000000000e+01,1.184744724718632902e+00,3.567673887801563026e+00
3.500000000000000000e+01,1.134953083645791061e+00,3.132781453923614734e+00
3.600000000000000000e+01,1.083446172949748210e+00,2.204015776815201555e+00
3.700000000000000000e+01,9.887476768411626038e-01,3.592833518174104679e+00
3.800000000000000000e+01,8.675345894275738878e-01,1.884894726398049780e+00
3.900000000000000000e+01,9.615947301981564443e-01,3.921010216014897853e+00
4.000000000000000000e+01,1.064408542865621365e+00,1.546674569843674796e+00
4.100000000000000000e+01,8.331294580723743737e-01,2.945117085617924957e+00
4.200000000000000000e+01,1.054635807378590862e+00,1.671745409571794294e+00
4.300000000000000000e+01,8.919446500627783436e-01,3.627331227636084954e+00
4.400000000000000000e+01,8.468046195659256759e-01,1.883054466273009986e+00
4.500000000000000000e+01,9.705598237580554954e-01,3.082561501747203003e+00
4.600000000000000000e+01,9.250426525035154723e-01,3.021538645439755921e+00
4.700000000000000000e+01,1.086010990495926087e+00,3.606526845672900272e+00
4.800000000000000000e+01,1.008935820043533660e+00,3.256349978287787827e+00
4.900000000000000000e+01,8.048608706500126608e-01,1.948536800340721964e+00
5.000000000000000000e+01,1.042161251135351296e+00,3.863318245650792626e+00
5.100000000000000000e+01,1.192278228831126441e+00,2.562298230049921521e+00
5.200000000000000000e+01,9.360641369222824082e-01,1.986653323694392403e+00
5.300000000000000000e+01,8.066456468720103468e-01,2.956020869452329336e+00
5.400000000000000000e+01,9.497193191605576290e-01,2.665550837255415306e+00
5.500000000000000000e+01,1.073436275981650034e+00,2.365726488647544201e+00
5.600000000000000000e+01,1.045237364894799459e+00,1.915466996280939416e+00
5.700000000000000000e+01,8.656856989621747323e-01,2.755884199071065410e+00
5.800000000000000000e+01,9.519916269203045900e-01,1.803175217391562501e+00
5.900000000000000000e+01,8.960270472566891353e-01,3.224796326596406359e+00
6.000000000000000000e+01,1.074919828383975817e+00,1.963542874468033439e+00
6.100000000000000000e+01,1.143737852020747514e+00,1.810607888701759816e+00
6.200000000000000000e+01,1.118621383815789683e+00,2.468163827641391972e+00
6.300000000000000000e+01,1.113951354128495108e+00,2.302446768246141140e+00
6.400000000000000000e+01,8.790209781533564470e-01,2.582032200553928902e+00
6.500000000000000000e+01,1.178973690349074399e+00,2.717900048065159613e+00
6.600000000000000000e+01,1.103518231852165021e+00,3.819748407163114035e+00
6.700000000000000000e+01,8.031090113189471857e-01,2.414279355529156845e+00
6.800000000000000000e+01,1.182749470471789577e+00,3.689165968648636884e+00
6.900000000000000000e+01,1.160358525694639820e+00,2.821319326358751933e+00
7.000000000000000000e+01,1.040966464860009211e+00,2.537317460266127256e+00
7.100000000000000000e+01,9.131032884179148823e-01,2.525040189173268779e+00
7.200000000000000000e+01,8.629586859017667200e-01,2.066258129724703796e+00
7.300000000000000000e+01,1.119121186531261358e+00,3.033190665439409628e+00
7.400000000000000000e+01,8.995262170705613514e-01,3.509583391449744738e+00
7.500000000000000000e+01,1.057792953149875315e+00,2.915726388596463270e+00
7.600000000000000000e+01,8.439310596500450012e-01,3.763503594568093913e+00
7.700000000000000000e+01,9.459966423377090816e-01,2.979097105767505305e+00
7.800000000000000000e+01,8.548244327041888413e-01,3.952546351648925427e+00
7.900000000000000000e+01,1.061930552593999932e+00,1.534840037466511431e+00
8.000000000000000000e+01,1.197430472088127695e+00,3.497667968961159168e+00
8.100000000000000000e+01,1.078907604949800536e+00,3.274457706302881022e+00
8.200000000000000000e+01,8.295698594090590294e-01,2.225090486032034409e+00
8.300000000000000000e+01,9.864366651292604260e-01,3.279864247767342533e+00
8.400000000000000000e+01,9.090470616049890484e-01,2.852003269863787160e+00
8.500000000000000000e+01,9.749648768537588772e-01,1.739004322374657630e+00
8.600000000000000000e+01,9.467814668563453440e-01,1.765411695968878592e+00
8.700000000000000000e+01,1.060230601574914999e+00,2.826764190582027325e+00
8.800000000000000000e+01,9.308781183752929955e-01,2.243438452195490651e+00
8.900000000000000000e+01,8.745267898704055520e-01,3.773273499494142591e+00
9.000000000000000000e+01,1.152781441886048697e+00,1.583300172264406003e+00
9.100000000000000000e+01,8.728302185425268478e-01,1.852772178721042273e+00
9.200000000000000000e+01,9.301663698644113687e-01,3.161806974012128180e+00
9.300000000000000000e+01,9.359086084547458828e-01,2.337224385121304593e+00
9.400000000000000000e+01,9.979282724768144819e-01,1.893467378503546961e+00
9.500000000000000000e+01,1.108051808038975850e+00,3.469333197331184060e+00
9.600000000000000000e+01,1.065850472307129149e+00,2.748976411739466386e+00
9.700000000000000000e+01,1.150309767900619784e+00,3.735890552066376991e+00
9.800000000000000000e+01,9.119982028493782700e-01,3.642853173563904257e+00
9.900000000000000000e+01,1.038477592357003543e+00,3.716943490496158464e+00
1.000000000000000000e+02,1.029138941395424167e+00,3.323400510820284204e+00
1.010000000000000000e+02,9.675651331310426428e-01,2.485896364098523215e+00
1.020000000000000000e+02,1.058911482050704178e+00,2.834243155755853394e+00
1.030000000000000000e+02,1.048217990446864256e+00,2.873696468891335787e+00
1.040000000000000000e+02,9.185764217937334442e-01,2.668306401630911928e+00
1.050000000000000000e+02,9.688631584085347637e-01,3.806657408950559152e+00
1.060000000000000000e+02,1.086764592795711248e+00,2.220259276155734707e+00
1.070000000000000000e+02,8.129787602341898012e-01,2.514906999416385069e+00
1.080000000000000000e+02,1.115864700076775407e+00,3.548076955129152665e+00
1.090000000000000000e+02,1.104493476354404979e+00,1.726646104322780539e+00
1.100000000000000000e+02,8.522859320047706522e-01,1.907434155229094763e+00
1.110000000000000000e+02,1.093761641489323422e+00,3.887214562382039329e+00
1.120000000000000000e+02,8.362120228934841748e-01,1.557575437704092458e+00
1.130000000000000000e+02,9.000858508338479558e-01,2.625232292476292084e+00
1.140000000000000000e+02,1.151002849568271813e+00,2.270943356374107935e+00
1.150000000000000000e+02,1.162811154328813545e+00,3.395555550092588692e+00
1.160000000000000000e+02,1.009602858126239511e+00,2.072172991144897836e+00
1.170000000000000000e+02,1.122176410668344726e+00,1.930165812626660538e+00
1.180000000000000000e+02,1.066696460761553888e+00,2.038828172681347084e+00
1.190000000000000000e+02,1.023087174291461787e+00,2.379801012986797026e+00
1.200000000000000000e+02,8.810355899286620440e-01,3.941072499791054007e+00
1.210000000000000000e+02,1.025836795612347752e+00,1.829624354209059334e+00
1.220000000000000000e+02,1.126891869589231820e+00,1.773665660761435614e+00
1.230000000000000000e+02,8.890560673004698211e-01,1.697185632100966401e+00
1.240000000000000000e+02,9.040778832383042918e-01,2.128198221881958396e+00
1.250000000000000000e+02,9.271198453358049374e-01,3.420062661097871270e+00
1.260000000000000000e+02,9.394834307926996919e-01,2.574268196411405363e+00
1.270000000000000000e+02,1.182208736569821728e+00,2.324149000399546861e+00
1.280000000000000000e+02,8.422599834688478948e-01,1.506274194778048692e+00
1.290000000000000000e+02,1.169278282778008160e+00,3.871764904748873359e+00
1.300000000000000000e+02,1.022278265092382066e+00,2.023649580458489083e+00
1.310000000000000000e+02,8.936788611575100516e-01,1.715720510564964663e+00
1.320000000000000000e+02,9.791321688341368956e-01,3.948415812325761554e+00
1.330000000000000000e+02,1.124704352138024888e+00,3.200033674802286399e+00
1.340000000000000000e+02,1.141113608722415407e+00,2.545901330558822728e+00
1.350000000000000000e+02,1.106810788140621060e+00,3.302556941860867123e+00
1.360000000000000000e+02,1.055119263243244454e+00,1.599701587023189209e+00
1.370000000000000000e+02,1.171236032097953794e+00,3.378768252276192818e+00
1.380000000000000000e+02,1.195890942680818858e+00,1.835153164873478016e+00
1.390000000000000000e+02,8.570111999794634006e-01,3.441816906660892350e+00
1.400000000000000000e+02,8.072131518540942574e-01,2.643510165334581163e+00
1.410000000000000000e+02,1.187212728752787383e+00,3.812488819061929046e+00
1.420000000000000000e+02,8.314512789901533640e-01,3.903755731140402752e+00
1.430000000000000000e+02,1.138873822427826976e+00,3.346853751093431306e+00
1.440000000000000000e+02,1.014258142215664016e+00,2.848120496479147334e+00
1.450000000000000000e+02,9.426902141428733506e-01,1.775796581203875846e+00
1.460000000000000000e+02,1.170197987401099038e+00,3.618086583142227308e+00
1.470000000000000000e+02,1.063981248743604002e+00,3.182627085902463904e+00
1.480000000000000000e+02,8.710392707964689230e-01,1.532301260015988209e+00
1.490000000000000000e+02,8.480823746787751194e-01,3.793260587887552049e+00
1.500000000000000000e+02,9.781818900794688743e-01,3.015723893944567635e+00
1.510000000000000000e+02,1.188753411038722341e+00,1.682815933582829437e+00
1.520000000000000000e+02,8.642978142141573006e-01,2.480889058545504788e+00
1.530000000000000000e+02,9.914537166699584070e-01,1.870533164309697849e+00
1.540000000000000000e+02,1.131180036130095434e+00,3.435622675469122367e+00
1.550000000000000000e+02,9.589194855876265189e-01,1.508703578766549036e+00
1.560000000000000000e+02,9.153381154773543305e-01,2.797601530814875836e+00
1.570000000000000000e+02,1.004510322372382136e+00,3.980026662159129813e+00
1.580000000000000000e+02,1.161484599716151589e+00,3.368823996117168207e+00
1.590000000000000000e+02,9.062646922621022672e-01,1.616742351717874282e+00
1.600000000000000000e+02,8.101979625427024878e-01,3.703115211867052281e+00
1.610000000000000000e+02,1.136794261109408843e+00,2.882152285090522792e+00
1.620000000000000000e+02,8.542670524236269936e-01,3.501557658151341901e+00
1.630000000000000000e+02,1.011291675181752003e+00,2.138295170354398866e+00
1.640000000000000000e+02,1.027210902889086563e+00,2.613170181680226634e+00
1.650000000000000000e+02,1.126260006092852928e+00,3.364508999986393079e+00
1.660000000000000000e+02,8.084134282441701735e-01,2.427157761579842532e+00
1.670000000000000000e+02,1.149199585428774428e+00,2.294808940742866898e+00
1.680000000000000000e+02,1.113077272138100371e+00,3.310045684686601319e+00
1.690000000000000000e+02,9.813428385313577307e-01,2.088670549536910226e+00
1.700000000000000000e+02,1.147946798241615385e+00,3.853440608155290548e+00
1.710000000000000000e+02,1.191351370146541466e+00,1.558345344834797697e+00
1.720000000000000000e+02,1.068228288471273491e+00,3.518743859438766552e+00
1.730000000000000000e+02,1.176067437840180974e+00,1.788383424239339492e+00
1.740000000000000000e+02,8.604695185141432168e-01,1.723287376573305885e+00
1.750000000000000000e+02,1.033729624674895931e+00,3.194270831935987154e+00
1.760000000000000000e+02,1.165662941168140954e+00,2.330828477602405524e+00
1.770000000000000000e+02,1.174357626950845779e+00,3.487518702281967364e+00
1.780000000000000000e+02,9.719683134983236883e-01,2.600614061529972432e+00
1.790000000000000000e+02,9.800251572153697577e-01,2.551337841115369542e+00
1.800000000000000000e+02,8.186643959915875790e-01,1.608677886668160806e+00
1.810000000000000000e+02,9.035324482734754525e-01,2.636938222984531066e+00
1.820000000000000000e+02,1.033066969686688985e+00,1.583902213103384637e+00
1.830000000000000000e+02,8.200675119899225596e-01,2.123369856563496860e+00
1.840000000000000000e+02,8.764192178997110005e-01,3.708883758579948786e+00
1.850000000000000000e+02,9.213024342531754840e-01,3.354579711920966378e+00
1.860000000000000000e+02,1.031523279812823324e+00,3.401754076664587068e+00
1.870000000000000000e+02,9.559157248316925148e-01,3.150065400898260481e+00
1.880000000000000000e+02,1.045646887355117904e+00,3.248701982962579393e+00
1.890000000000000000e+02,8.976467313258380543e-01,3.663651380692824144e+00
1.900000000000000000e+02,1.049419158230536109e+00,2.465321867022892466e+00
1.910000000000000000e+02,1.081018241314947614e+00,1.520508127950301658e+00
1.920000000000000000e+02,1.121137038249494733e+00,1.792007083207559193e+00
1.930000000000000000e+02,1.186208293935704150e+00,2.771393888189320975e+00
1.940000000000000000e+02,9.194870218975491616e-01,2.049532206875726459e+00
1.950000000000000000e+02,9.608185182315083228e-01,3.171745335033022695e+00
1.960000000000000000e+02,1.133009842662764166e+00,2.423743408479069217e+00
1.970000000000000000e+02,1.006811455421594559e+00,3.674951949916180016e+00
1.980000000000000000e+02,8.900342732588644168e-01,3.589820781061640709e+00
1.990000000000000000e+02,9.446709683209059127e-01,3.049089565116148481e+00
2.000000000000000000e+02,8.748643572739276397e-01,3.576692081656189792e+00
2.010000000000000000e+02,1.172526591550920427e+00,2.815459260501771865e+00
2.020000000000000000e+02,1.093152277188069732e+00,3.776375969310767022e+00
2.030000000000000000e+02,1.105527621655604031e+00,2.437141867310729904e+00
2.040000000000000000e+02,1.018186697349849235e+00,3.683201634362543331e+00
2.050000000000000000e+02,1.197208797995108043e+00,3.563299543634957711e+00
2.060000000000000000e+02,8.505803130067853823e-01,2.216450075045549806e+00
2.070000000000000000e+02,1.089019310490309866e+00,2.260343188699786232e+00
2.080000000000000000e+02,9.534199936983769330e-01,3.457360161042517532e+00
2.090000000000000000e+02,1.154767653913423064e+00,3.287645198471068397e+00
2.100000000000000000e+02,8.373742545170739238e-01,3.928862183150112930e+00
2.110000000000000000e+02,8.840116128080279800e-01,1.626369350736412978e+00
2.120000000000000000e+02,1.177887059162363137e+00,2.993197040054158542e+00
2.130000000000000000e+02,1.122854446709578013e+00,2.898483959941809296e+00
2.140000000000000000e+02,9.769237950213444099e-01,2.188733087441182779e+00
2.150000000000000000e+02,9.630295404653494984e-01,2.652592101476006548e+00
2.160000000000000000e+02,9.288633309444650488e-01,3.726075871563432340e+00
2.170000000000000000e+02,9.336845744836245187e-01,3.212329813576971560e+00
2.180000000000000000e+02,8.197824290374515765e-01,2.343569498704313414e+00
2.190000000000000000e+02,1.144187407494810849e+00,3.136094568349645062e+00
2.200000000000000000e+02,1.111497601636610266e+00,2.691097559912628334e+00
2.210000000000000000e+02,8.339948933510390461e-01,1.976308485639849399e+00
2.220000000000000000e+02,8.866783742812562874e-01,3.757057139319332162e+00
2.230000000000000000e+02,9.729664762680446666e-01,2.290883513274292405e+00
2.240000000000000000e+02,1.175643066990368357e+00,2.002230569238195201e+00
2.250000000000000000e+02,8.782583598002087211e-01,3.848328874598339500e+00
2.260000000000000000e+02,1.000695882722151708e+00,2.095460767367235189e+00
2.270000000000000000e+02,9.927022269177362412e-01,3.227903881716311929e+00
2.280000000000000000e+02,8.596089326765847805e-01,3.637341586679975425e+00
2.290000000000000000e+02,1.076322207357430782e+00,2.147543261887366661e+00
2.300000000000000000e+02,1.138162603294519570e+00,2.861459956877568267e+00
2.310000000000000000e+02,8.255817305801920192e-01,3.122458310305872065e+00
2.320000000000000000e+02,9.235419591255800142e-01,1.958071384093015510e+00
2.330000000000000000e+02,1.098942067836433223e+00,2.374227277616892451e+00
2.340000000000000000e+02,1.100552378038064161e+00,3.893744210461709265e+00
2.350000000000000000e+02,8.349475654784954681e-01,2.235047006360192157e+00
2.360000000000000000e+02,9.141930152908630536e-01,1.700349463556201535e+00
2.370000000000000000e+02,1.013153241072122013e+00,1.821985922538703173e+00
2.380000000000000000e+02,1.154050881972719989e+00,3.611752419045780815e+00
2.390000000000000000e+02,1.129649028671284805e+00,3.142697047455178083e+00
2.400000000000000000e+02,1.199279806991887742e+00,3.840718230958991786e+00
2.410000000000000000e+02,1.101649553037094664e+00,2.113743538839674585e+00
2.420000000000000000e+02,1.042957884702275573e+00,1.967627999579304454e+00
2.430000000000000000e+02,9.068344333256739276e-01,2.989979967980402886e+00
2.440000000000000000e+02,8.697608881701810457e-01,2.733683612758770920e+00
2.450000000000000000e+02,1.071817613073432263e+00,2.972728916406912614e+00
2.460000000000000000e+02,1.036852728518834255e+00,2.695951307636098804e+00
2.470000000000000000e+02,1.116591925319655232e+00,2.924356423906886882e+00
2.480000000000000000e+02,1.084746110576417344e+00,1.646671548914036443e+00
2.490000000000000000e+02,1.164029841355930905e+00,3.261713378223385362e+00
2.500000000000000000e+02,9.641365881919444769e-01,3.409544877299728327e+00
2.510000000000000000e+02,8.292760401969214712e-01,1.997886098098807128e+00
2.520000000000000000e+02,1.157844804183559617e+00,2.105572752144857507e+00
2.530000000000000000e+02,1.019171366836912895e+00,3.790911192943833719e+00
2.540000000000000000e+02,8.863040598654164937e-01,3.875599067036280765e+00
2.550000000000000000e+02,8.237915870122843875e-01,2.029027148147488191e+00
2.560000000000000000e+02,1.050967531130788890e+00,3.101879707973428602e+00
2.570000000000000000e+02,8.020657963370512178e-01,2.933841757749680035e+00
2.580000000000000000e+02,9.322484622228528472e-01,3.697692904171018480e+00
2.590000000000000000e+02,9.584945623206921894e-01,2.160817972135468779e+00
2.600000000000000000e+02,8.814431777435371984e-01,3.965245159738570280e+00
2.610000000000000000e+02,8.161344550121227837e-01,3.057384742467071703e+00
2.620000000000000000e+02,9.828241061574772841e-01,2.709809600024424725e+00
2.630000000000000000e+02,9.419738000717112758e-01,2.456423096345909496e+00
2.640000000000000000e+02,1.025148990246994130e+00,3.072651999699897996e+00
2.650000000000000000e+02,8.112956009582109607e-01,3.749895623524170496e+00
2.660000000000000000e+02,9.263829095350830656e-01,3.112102213895110658e+00
2.670000000000000000e+02,9.094283970237340142e-01,3.330406759818920648e+00
2.680000000000000000e+02,9.972913564886838333e-01,3.911108377297757066e+00
2.690000000000000000e+02,9.021745143882993201e-01,1.653429717381399877e+00
2.700000000000000000e+02,1.145460621190647288e+00,3.656990162818003931e+00
2.710000000000000000e+02,1.110116102884787237e+00,3.040462953842935079e+00
2.720000000000000000e+02,9.736539163403249431e-01,3.555090903212683617e+00
2.730000000000000000e+02,8.008383798823626165e-01,1.605337536273219179e+00
2.740000000000000000e+02,8.395632283160689990e-01,2.680853887751718290e+00
2.750000000000000000e+02,9.956792343694320646e-01,1.690594711181092613e+00
2.760000000000000000e+02,1.003582944558947476e+00,2.783043758240467014e+00
2.770000000000000000e+02,8.134625879390232628e-01,1.917835408403941289e+00
2.780000000000000000e+02,1.016860661653264941e+00,3.481454225554795556e+00
2.790000000000000000e+02,9.373805403992697682e-01,3.970377450120328611e+00
2.800000000000000000e+02,8.624372399903185160e-01,1.847238421247393347e+00
2.810000000000000000e+02,9.868313225029956559e-01,2.784411268940268691e+00
2.820000000000000000e+02,9.528802283005435303e-01,3.461991784345639367e+00
2.830000000000000000e+02,9.945530502945629792e-01,3.390614248919112228e+00
2.840000000000000000e+02,8.454182367631379869e-01,1.665275113273792629e+00
2.850000000000000000e+02,1.015072611345854581e+00,3.002360376649011009e+00
2.860000000000000000e+02,1.005337114169645663e+00,2.762755485481907414e+00
2.870000000000000000e+02,8.954098415311507742e-01,3.988029256444727721e+00
2.880000000000000000e+02,9.841886281407282722e-01,2.057694867825685225e+00
2.890000000000000000e+02,8.276075582881724513e-01,3.995535879814342550e+00
2.900000000000000000e+02,9.993785552169054398e-01,2.391300870044416271e+00
2.910000000000000000e+02,8.514309142483273973e-01,3.086800931950247406e+00
2.920000000000000000e+02,9.411192738547058401e-01,2.518055390773567659e+00
2.930000000000000000e+02,8.926414858105878869e-01,2.800082175944860197e+00
2.940000000000000000e+02,9.655726459395708172e-01,3.826775039102594533e+00
2.950000000000000000e+02,1.039952942149487525e+00,1.864521782537647887e+00
2.960000000000000000e+02,1.142065273757460586e+00,3.530590273436198245e+00
2.970000000000000000e+02,1.193692296645723960e+00,3.425741330693469422e+00
2.980000000000000000e+02,1.180485107512728060e+00,2.884506018502927205e+00
2.990000000000000000e+02,1.098066854545512339e+00,2.350660522517683759e+00
