kappa,C,workflow,N,median_abs,abs_lo,abs_hi,median_signed,signed_lo,signed_hi,vuln_tau_0_5,vuln_lo,vuln_hi
1,0.0,A,300,1.3436399774763034e-16,1.2572987674243833e-16,1.4124915423327592e-16,0.0,0.0,0.0,0.0,0.0,0.0
1,0.0,B,300,1.3436399774763034e-16,1.255972268968772e-16,1.409377688486486e-16,0.0,0.0,0.0,0.0,0.0,0.0
1,0.0,C,300,1.3436399774763034e-16,1.255972268968772e-16,1.4088946480797691e-16,0.0,0.0,0.0,0.0,0.0,0.0
1,0.0,E,300,2.2502295937166866e-16,2.0986153361379584e-16,3.86727202111566e-16,-1.1368568812693812e-16,-1.2994795910518467e-16,0.0,0.0,0.0,0.0
1,0.6,A,300,0.028705971775627698,0.026996840502371063,0.03400667725225135,0.02439940455699605,0.02006127612073045,0.028032253829735,0.0033333333333333335,0.0,0.01
1,0.6,B,300,0.1667445629053694,0.13993796971568054,0.19092353508228116,-0.1522244808021727,-0.18281195495204575,-0.1306478399163988,0.01,0.0,0.023333333333333334
1,0.6,C,300,0.1672532728499862,0.1522175114923286,0.19720830538225043,-0.0129486005835292,-0.0372644003254812,0.02131818418511366,0.04,0.02,0.06333333333333334
1,0.6,E,300,0.00558784865196975,0.004803456986643548,0.006121917292362735,-0.0009662089789690999,-0.00194148535998765,-0.0001693466981013,0.0,0.0,0.0
1,1.0,A,300,0.0478432862927128,0.0449757195404069,0.05587724689823075,0.0406656742616615,0.0335345011179866,0.04692293594246015,0.016666666666666666,0.0033333333333333335,0.03333333333333333
1,1.0,B,300,0.2779076048422824,0.23564996344450942,0.3190971618982121,-0.2537074680036181,-0.3040686941064874,-0.2177463998606647,0.14,0.1,0.18
1,1.0,C,300,0.2787554547499772,0.25433065582564457,0.3314270957973761,-0.02158100097253705,-0.0621073338756123,0.0349425768778568,0.22333333333333333,0.17666666666666667,0.2733333333333333
1,1.0,E,300,0.00924066429375765,0.0079541131575274,0.010296826979980151,-0.0015481467065996501,-0.0031753988711614497,-7.515415995547946e-05,0.0,0.0,0.0
2,0.0,A,300,1.3436399774763034e-16,1.2559624171898227e-16,1.415607152559299e-16,0.0,0.0,0.0,0.0,0.0,0.0
2,0.0,B,300,1.3436399774763034e-16,1.2574894246323414e-16,1.4094428834494085e-16,0.0,0.0,0.0,0.0,0.0,0.0
2,0.0,C,300,1.3436399774763034e-16,1.255972268968772e-16,1.4119978726548545e-16,0.0,0.0,0.0,0.0,0.0,0.0
2,0.0,E,300,2.0512555627992786e-16,1.9347461799220517e-16,2.1470391687824636e-16,0.0,-1.1793046542609702e-16,0.0,0.0,0.0,0.0
2,0.6,A,300,0.014352985887813849,0.01348952379843845,0.01676317406946915,0.012199702278496951,0.010008790876028899,0.01418310522361055,0.0,0.0,0.0
2,0.6,B,300,0.0833722814526846,0.0702036227654685,0.0951943865128176,-0.07611224040108874,-0.09063444440941226,-0.0653188413163255,0.0,0.0,0.0
2,0.6,C,300,0.08362663642499324,0.0761087557461643,0.09845713536124989,-0.00647430029177345,-0.01856528293807825,0.010827777842764817,0.0,0.0,0.0
2,0.6,E,300,0.0027831677971714,0.0023979413721417,0.003096317363051619,-0.00049717610778615,-0.0009945629932131,-0.0001284808597722,0.0,0.0,0.0
2,1.0,A,300,0.02392164314635635,0.0224772195579266,0.0277059406626358,0.0203328371308296,0.01668131812671505,0.023422358918788952,0.0033333333333333335,0.0,0.01
2,1.0,B,300,0.13895380242114114,0.11652677312585255,0.15796157034627484,-0.1268537340018115,-0.15233576045824654,-0.10886886192370618,0.0,0.0,0.0
2,1.0,C,300,0.13937772737498877,0.12673379551889266,0.16434025448520864,-0.0107905004862773,-0.030830609522123,0.01775798361943275,0.01,0.0,0.02
2,1.0,E,300,0.004655463581825701,0.0040101313415315,0.0051692301733592,-0.00081298302696615,-0.0016628949505059,-0.0002000538776074,0.0,0.0,0.0
5,0.0,A,300,1.6127895795643284e-16,1.5334485628242034e-16,1.685964227381002e-16,0.0,0.0,0.0,0.0,0.0,0.0
5,0.0,B,300,1.6127895795643284e-16,1.5334454847461363e-16,1.6900045275585368e-16,0.0,0.0,0.0,0.0,0.0,0.0
5,0.0,C,300,1.6127895795643284e-16,1.5334485628242034e-16,1.683442423098795e-16,0.0,0.0,0.0,0.0,0.0,0.0
5,0.0,E,300,1.7291948570526448e-16,1.6603952483150751e-16,1.84126170137149e-16,0.0,-1.5657596571230103e-16,0.0,0.0,0.0,0.0
5,0.6,A,300,0.00574119435512545,0.005387298832466893,0.0067611134965427,0.00487988091139745,0.00401225522414605,0.005630830254473908,0.0,0.0,0.0
5,0.6,B,300,0.0333489125810738,0.02803479291431455,0.03817733845709696,-0.030444896160438252,-0.0366329217271794,-0.0261285522549277,0.0,0.0,0.0
5,0.6,C,300,0.03345065456999755,0.03046893271628874,0.0391667688225296,-0.0025897201167200496,-0.0074528800653239,0.0041930853343107,0.0,0.0,0.0
5,0.6,E,300,0.00110973507807025,0.0009561867289676501,0.0012316980542337501,-0.0002022538242709,-0.0003932242074738075,-5.4339053946390516e-05,0.0,0.0,0.0
5,1.0,A,300,0.009568657258542449,0.0089930158656253,0.01117544937964615,0.00813313485233055,0.0066725272506859504,0.009425089767071,0.0,0.0,0.0
5,1.0,B,300,0.055581520968456505,0.0472161524320723,0.0636411783607603,-0.0507414936007275,-0.061054869545299,-0.0435475870915211,0.0,0.0,0.0
5,1.0,C,300,0.05575109094999565,0.0509105785712932,0.0657472779307217,-0.0043162001945217,-0.0123322438088493,0.0072179113382988,0.0,0.0,0.0
5,1.0,E,300,0.00185215228501015,0.0015996745664297036,0.002064075060476,-0.00033458299589735,-0.00065302638461695,-9.22923001051619e-05,0.0,0.0,0.0
10,0.0,A,300,1.6127895795643284e-16,1.5307315172811658e-16,1.685954752010938e-16,0.0,0.0,0.0,0.0,0.0,0.0
10,0.0,B,300,1.6127895795643284e-16,1.5307315172811658e-16,1.6874497734008603e-16,0.0,0.0,0.0,0.0,0.0,0.0
10,0.0,C,300,1.6127895795643284e-16,1.5333254397015166e-16,1.6879796397847374e-16,0.0,0.0,0.0,0.0,0.0,0.0
10,0.0,E,300,1.7176313350259708e-16,1.6476269139725277e-16,1.8151763426940426e-16,0.0,-1.5597570066439163e-16,0.0,0.0,0.0,0.0
10,0.6,A,300,0.0028705971775626503,0.002698527212104209,0.003340498409825646,0.00243994045569765,0.0020017581752056497,0.0028245466876184806,0.0,0.0,0.0
10,0.6,B,300,0.0166744562905369,0.0140407245530938,0.01909369041336966,-0.015222448080221551,-0.0183164608635898,-0.013064771295036167,0.0,0.0,0.0
10,0.6,C,300,0.01672532728499885,0.0152087099093237,0.0198582766651853,-0.00129486005836885,-0.0036996731426545,0.00213095803431025,0.0,0.0,0.0
10,0.6,E,300,0.0005553983175099,0.0004778659525717,0.0006133351227544,-0.00010232521903922692,-0.00019706384429285,-2.775254565765153e-05,0.0,0.0,0.0
10,1.0,A,300,0.0047843286292713,0.0044975719540389,0.0055411881325269,0.0040665674261641995,0.0033362636253428,0.00469229359424175,0.0,0.0,0.0
10,1.0,B,300,0.027790760484228252,0.0234012075884895,0.0317314621709389,-0.025370746800366148,-0.0303250093328171,-0.0217729471054921,0.0,0.0,0.0
10,1.0,C,300,0.02787554547499805,0.0253478498488728,0.03259119338656507,-0.00215810009726955,-0.0061884276461208,0.0036089556691496,0.0,0.0,0.0
10,1.0,E,300,0.0009245749470757499,0.000796951770804,0.0010325311151937,-0.00016885821258765,-0.0003304582941871,-4.445782697179452e-05,0.0,0.0,0.0
20,0.0,A,300,1.6127895795643284e-16,1.5280144717381284e-16,1.6879796397847374e-16,0.0,0.0,0.0,0.0,0.0,0.0
20,0.0,B,300,1.6127895795643284e-16,1.526219431300649e-16,1.685954752010938e-16,0.0,0.0,0.0,0.0,0.0,0.0
20,0.0,C,300,1.6127895795643284e-16,1.5280144717381284e-16,1.6879796397847374e-16,0.0,0.0,0.0,0.0,0.0,0.0
20,0.0,E,300,1.6400841162360356e-16,1.582067778846288e-16,1.697107214286125e-16,0.0,0.0,0.0,0.0,0.0,0.0
20,0.6,A,300,0.0014352985887812,0.0013486026218221126,0.001676473854387394,0.0012199702278476,0.00100087908760285,0.0014078017547016594,0.0,0.0,0.0
20,0.6,B,300,0.008337228145268449,0.0070203622765469,0.0095194386512816,-0.007611224040113201,-0.009217282029313342,-0.0065323919958203,0.0,0.0,0.0
20,0.6,C,300,0.0083626636424997,0.00761087557461645,0.009860415269112351,-0.00064743002919335,-0.0018636177786308563,0.0010482713335408,0.0,0.0,0.0
20,0.6,E,300,0.0002778167073345,0.0002387486187268,0.0003063929135675,-5.141994920556658e-05,-9.829581260726181e-05,-1.4005926413598806e-05,0.0,0.0,0.0
20,1.0,A,300,0.00239216431463565,0.00225068993977768,0.0027938623449113003,0.002033283713081,0.00168036625328865,0.0023321102472297498,0.0,0.0,0.0
20,1.0,B,300,0.01389538024211425,0.011773678008504072,0.0159102945901901,-0.01268537340018545,-0.0150736190966785,-0.0108920755056165,0.0,0.0,0.0
20,1.0,C,300,0.01393777273749925,0.0126847926243606,0.0162949841210748,-0.00107905004864355,-0.003083339773984985,0.00177579836192125,0.0,0.0,0.0
20,1.0,E,300,0.0004629679235786,0.000397362434327265,0.0005153547682184786,-8.550260582960763e-05,-0.0001642888340194,-2.3116133272397496e-05,0.0,0.0,0.0
