C,workflow,kappa_low,kappa_high,median_diff_high_minus_low,lo,hi
0.0,A,1,2,0.0,0.0,0.0
0.0,A,2,5,0.0,-2.8391955375144674e-17,0.0
0.0,A,5,10,0.0,0.0,0.0
0.0,A,10,20,0.0,0.0,0.0
0.0,B,1,2,0.0,0.0,0.0
0.0,B,2,5,0.0,-2.828156256571595e-17,0.0
0.0,B,5,10,0.0,0.0,0.0
0.0,B,10,20,0.0,0.0,0.0
0.0,C,1,2,0.0,0.0,0.0
0.0,C,2,5,0.0,-2.825812167818159e-17,0.0
0.0,C,5,10,0.0,0.0,0.0
0.0,C,10,20,0.0,0.0,0.0
0.0,E,1,2,0.0,0.0,0.0
0.0,E,2,5,-3.9775572425104546e-17,-4.318427134815269e-17,0.0
0.0,E,5,10,0.0,0.0,0.0
0.0,E,10,20,0.0,0.0,0.0
0.6,A,1,2,-0.014352985887813849,-0.016765687941591383,-0.0134927158621225
0.6,A,2,5,-0.008611791532688401,-0.01002056165993375,-0.008095629517273599
0.6,A,5,10,-0.0028705971775628003,-0.0033248057447057503,-0.0026978887993694338
0.6,A,10,20,-0.00143529858878145,-0.00170033386262345,-0.0013492715862123
0.6,B,1,2,-0.0833722814526848,-0.0957291485694637,-0.07082131263611642
0.6,B,2,5,-0.050023368871610796,-0.057437489141678295,-0.0419822050836635
0.6,B,5,10,-0.0166744562905369,-0.019145829713892604,-0.014164845729621602
0.6,B,10,20,-0.008337228145268452,-0.00954617675411415,-0.00700869822857865
0.6,C,1,2,-0.08362663642499296,-0.0986041526911254,-0.07590027912574926
0.6,C,2,5,-0.050175981854995694,-0.0595748299955559,-0.04581854262117057
0.6,C,5,10,-0.016725327284998703,-0.019691427072249947,-0.01526013233147885
0.6,C,10,20,-0.008362663642499149,-0.00979304273889462,-0.00764489117348
0.6,E,1,2,-0.0027694097367205496,-0.0030876230585837315,-0.00239981998037785
0.6,E,2,5,-0.00167343271910115,-0.0018405141115019,-0.0014455454698972638
0.6,E,5,10,-0.0005554437807057,-0.00061587958018825,-0.00047860068524280003
0.6,E,10,20,-0.00027745443352119995,-0.0003085727806977,-0.00023980422986215002
1.0,A,1,2,-0.02392164314635645,-0.027938623449115352,-0.022497367085310176
1.0,A,2,5,-0.014352985887813901,-0.01676317406946925,-0.0134863317347558
1.0,A,5,10,-0.00478432862927115,-0.0055877246898232,-0.004496481332282456
1.0,A,10,20,-0.00239216431463565,-0.0027602210713336,-0.00224825396640645
1.0,B,1,2,-0.13895380242114125,-0.15796222716329553,-0.116811637142978
1.0,B,2,5,-0.08337228145268465,-0.09574813986371968,-0.06991606387551144
1.0,B,5,10,-0.027790760484228252,-0.0319138184460038,-0.02334423478506435
1.0,B,10,20,-0.013895380242114001,-0.015865731085469497,-0.011700603794245
1.0,C,1,2,-0.13937772737498844,-0.1631948700938733,-0.12684792624360708
1.0,C,2,5,-0.08362663642499311,-0.09791692205632399,-0.07609255855083369
1.0,C,5,10,-0.0278755454749976,-0.0330971277753084,-0.025414021756458
1.0,C,10,20,-0.0139377727374988,-0.016319487009387196,-0.012759628961361501
1.0,E,1,2,-0.0046166558553585,-0.005253714328747499,-0.0039292214760266505
1.0,E,2,5,-0.0027822610951695496,-0.0030759692093795,-0.0023977693198994005
1.0,E,5,10,-0.0009276924186285,-0.001040008952814795,-0.0007993070107738337
1.0,E,10,20,-0.00046263028168755003,-0.00051589330847945,-0.00039963708908790003
