kappa,workflow,C_high,median_diff_high_minus_C0,lo,hi
1,A,0.6,0.02870597177562763,0.02697904759687672,0.0338055674827141
1,A,1.0,0.04784328629271273,0.044954439115853166,0.05567497349709669
1,B,0.6,0.1667445629053694,0.1399406836122102,0.19009614963601248
1,B,1.0,0.2779076048422824,0.233623274285956,0.3190981874622577
1,C,0.6,0.16725327284998587,0.1523479238914204,0.19884347643861638
1,C,1.0,0.27875545474997687,0.2536418618361121,0.32868050897041756
1,E,0.6,0.00558784865196975,0.004819318854736375,0.006115720622141689
1,E,1.0,0.00924066429375765,0.007954040717184075,0.010296826979980092
2,A,0.6,0.01435298588781378,0.013489523798437472,0.01670093609988939
2,A,1.0,0.02392164314635628,0.022482539664063522,0.02793862344911533
2,B,0.6,0.0833722814526846,0.0700869822857868,0.09544334614274227
2,B,1.0,0.13895380242114114,0.11700603794244749,0.1581914790813886
2,C,0.6,0.0836266364249929,0.07629749416460167,0.0992913833259263
2,C,1.0,0.1393777273749884,0.12650046520958205,0.16319487009387315
2,E,0.6,0.00278316779717134,0.0023976836518163434,0.003096290103812134
2,E,1.0,0.00465546358182564,0.00400022484027608,0.005114976680563392
5,A,0.6,0.00574119435512545,0.00539462456606136,0.0066494257590323895
5,A,1.0,0.009568657258542449,0.00899088782317061,0.011268522494238
5,B,0.6,0.033348912581073725,0.028254277180279654,0.03829165942778524
5,B,1.0,0.05558152096845642,0.046646894537403234,0.06364563471123216
5,C,0.6,0.033450654569997185,0.030360763712295215,0.039716553330370226
5,C,1.0,0.05575109094999528,0.050739170497442865,0.0661964281321735
5,E,0.6,0.00110973507807025,0.0009586105192024,0.0012307436481237299
5,E,1.0,0.00185215228501015,0.0015993699507189864,0.002060422262982057
10,A,0.6,0.0028705971775626503,0.0026978887993675325,0.0033800683732346324
10,A,1.0,0.0047843286292713,0.004497571954036995,0.005621547570188253
10,B,0.6,0.01667445629053682,0.014006508178216536,0.019038877302563123
10,B,1.0,0.027790760484228173,0.023323447268701333,0.03182058918037983
10,C,0.6,0.01672532728499848,0.0152087099093237,0.01972083053822476
10,C,1.0,0.02787554547499768,0.025369585248721314,0.032873638965360705
10,E,0.6,0.0005553983175099,0.0004778659525717,0.0006157193570762148
10,E,1.0,0.0009245749470757499,0.000796951770804,0.0010255480166111353
20,A,0.6,0.0014352985887812,0.0013486331734756092,0.0016902783741355
20,A,1.0,0.00239216431463565,0.0022487859770165958,0.0027498480764037
20,B,0.6,0.008337228145268372,0.007008698228578666,0.009546176754113731
20,B,1.0,0.013895380242114171,0.0117006037942445,0.01591029459018993
20,C,0.6,0.008362663642499333,0.007604027731133705,0.00986209168960793
20,C,1.0,0.013937772737498882,0.012695660324284631,0.016410135132415883
20,E,0.6,0.00027781670733440395,0.00023879107064556023,0.0003092057183992277
20,E,1.0,0.00046296792357850393,0.00039859933270171,0.0005156324951348045
