tau,kappa,C,workflow,vulnerability,lo,hi
0.25,1,0.0,A,0.0,0.0,0.0
0.25,1,0.0,B,0.0,0.0,0.0
0.25,1,0.0,C,0.0,0.0,0.0
0.25,1,0.0,E,0.0,0.0,0.0
0.25,1,0.6,A,0.02666666666666667,0.01,0.04666666666666667
0.25,1,0.6,B,0.24666666666666667,0.19666666666666666,0.2966666666666667
0.25,1,0.6,C,0.32666666666666666,0.27666666666666667,0.3800833333333329
0.25,1,0.6,E,0.0,0.0,0.0
0.25,1,1.0,A,0.04666666666666667,0.023333333333333334,0.07333333333333333
0.25,1,1.0,B,0.5333333333333333,0.4766666666666667,0.59
0.25,1,1.0,C,0.5666666666666667,0.5099166666666667,0.62
0.25,1,1.0,E,0.0,0.0,0.0
0.25,2,0.0,A,0.0,0.0,0.0
0.25,2,0.0,B,0.0,0.0,0.0
0.25,2,0.0,C,0.0,0.0,0.0
0.25,2,0.0,E,0.0,0.0,0.0
0.25,2,0.6,A,0.0033333333333333335,0.0,0.01
0.25,2,0.6,B,0.01,0.0,0.023333333333333334
0.25,2,0.6,C,0.04,0.02,0.06333333333333334
0.25,2,0.6,E,0.0,0.0,0.0
0.25,2,1.0,A,0.016666666666666666,0.0033333333333333335,0.03333333333333333
0.25,2,1.0,B,0.14,0.1,0.18
0.25,2,1.0,C,0.22333333333333333,0.17666666666666667,0.27
0.25,2,1.0,E,0.0,0.0,0.0
0.25,5,0.0,A,0.0,0.0,0.0
0.25,5,0.0,B,0.0,0.0,0.0
0.25,5,0.0,C,0.0,0.0,0.0
0.25,5,0.0,E,0.0,0.0,0.0
0.25,5,0.6,A,0.0,0.0,0.0
0.25,5,0.6,B,0.0,0.0,0.0
0.25,5,0.6,C,0.0,0.0,0.0
0.25,5,0.6,E,0.0,0.0,0.0
0.25,5,1.0,A,0.0,0.0,0.0
0.25,5,1.0,B,0.0,0.0,0.0
0.25,5,1.0,C,0.0033333333333333335,0.0,0.01
0.25,5,1.0,E,0.0,0.0,0.0
0.25,10,0.0,A,0.0,0.0,0.0
0.25,10,0.0,B,0.0,0.0,0.0
0.25,10,0.0,C,0.0,0.0,0.0
0.25,10,0.0,E,0.0,0.0,0.0
0.25,10,0.6,A,0.0,0.0,0.0
0.25,10,0.6,B,0.0,0.0,0.0
0.25,10,0.6,C,0.0,0.0,0.0
0.25,10,0.6,E,0.0,0.0,0.0
0.25,10,1.0,A,0.0,0.0,0.0
0.25,10,1.0,B,0.0,0.0,0.0
0.25,10,1.0,C,0.0,0.0,0.0
0.25,10,1.0,E,0.0,0.0,0.0
0.25,20,0.0,A,0.0,0.0,0.0
0.25,20,0.0,B,0.0,0.0,0.0
0.25,20,0.0,C,0.0,0.0,0.0
0.25,20,0.0,E,0.0,0.0,0.0
0.25,20,0.6,A,0.0,0.0,0.0
0.25,20,0.6,B,0.0,0.0,0.0
0.25,20,0.6,C,0.0,0.0,0.0
0.25,20,0.6,E,0.0,0.0,0.0
0.25,20,1.0,A,0.0,0.0,0.0
0.25,20,1.0,B,0.0,0.0,0.0
0.25,20,1.0,C,0.0,0.0,0.0
0.25,20,1.0,E,0.0,0.0,0.0
0.4,1,0.0,A,0.0,0.0,0.0
0.4,1,0.0,B,0.0,0.0,0.0
0.4,1,0.0,C,0.0,0.0,0.0
0.4,1,0.0,E,0.0,0.0,0.0
0.4,1,0.6,A,0.0033333333333333335,0.0,0.01
0.4,1,0.6,B,0.02666666666666667,0.01,0.04666666666666667
0.4,1,0.6,C,0.09,0.06,0.12333333333333334
0.4,1,0.6,E,0.0,0.0,0.0
0.4,1,1.0,A,0.02666666666666667,0.01,0.04666666666666667
0.4,1,1.0,B,0.2833333333333333,0.23666666666666666,0.33666666666666667
0.4,1,1.0,C,0.35333333333333333,0.30333333333333334,0.4066666666666667
0.4,1,1.0,E,0.0,0.0,0.0
0.4,2,0.0,A,0.0,0.0,0.0
0.4,2,0.0,B,0.0,0.0,0.0
0.4,2,0.0,C,0.0,0.0,0.0
0.4,2,0.0,E,0.0,0.0,0.0
0.4,2,0.6,A,0.0,0.0,0.0
0.4,2,0.6,B,0.0,0.0,0.0
0.4,2,0.6,C,0.0033333333333333335,0.0,0.01
0.4,2,0.6,E,0.0,0.0,0.0
0.4,2,1.0,A,0.0033333333333333335,0.0,0.01
0.4,2,1.0,B,0.013333333333333334,0.0033333333333333335,0.02666666666666667
0.4,2,1.0,C,0.04666666666666667,0.023333333333333334,0.07333333333333333
0.4,2,1.0,E,0.0,0.0,0.0
0.4,5,0.0,A,0.0,0.0,0.0
0.4,5,0.0,B,0.0,0.0,0.0
0.4,5,0.0,C,0.0,0.0,0.0
0.4,5,0.0,E,0.0,0.0,0.0
0.4,5,0.6,A,0.0,0.0,0.0
0.4,5,0.6,B,0.0,0.0,0.0
0.4,5,0.6,C,0.0,0.0,0.0
0.4,5,0.6,E,0.0,0.0,0.0
0.4,5,1.0,A,0.0,0.0,0.0
0.4,5,1.0,B,0.0,0.0,0.0
0.4,5,1.0,C,0.0,0.0,0.0
0.4,5,1.0,E,0.0,0.0,0.0
0.4,10,0.0,A,0.0,0.0,0.0
0.4,10,0.0,B,0.0,0.0,0.0
0.4,10,0.0,C,0.0,0.0,0.0
0.4,10,0.0,E,0.0,0.0,0.0
0.4,10,0.6,A,0.0,0.0,0.0
0.4,10,0.6,B,0.0,0.0,0.0
0.4,10,0.6,C,0.0,0.0,0.0
0.4,10,0.6,E,0.0,0.0,0.0
0.4,10,1.0,A,0.0,0.0,0.0
0.4,10,1.0,B,0.0,0.0,0.0
0.4,10,1.0,C,0.0,0.0,0.0
0.4,10,1.0,E,0.0,0.0,0.0
0.4,20,0.0,A,0.0,0.0,0.0
0.4,20,0.0,B,0.0,0.0,0.0
0.4,20,0.0,C,0.0,0.0,0.0
0.4,20,0.0,E,0.0,0.0,0.0
0.4,20,0.6,A,0.0,0.0,0.0
0.4,20,0.6,B,0.0,0.0,0.0
0.4,20,0.6,C,0.0,0.0,0.0
0.4,20,0.6,E,0.0,0.0,0.0
0.4,20,1.0,A,0.0,0.0,0.0
0.4,20,1.0,B,0.0,0.0,0.0
0.4,20,1.0,C,0.0,0.0,0.0
0.4,20,1.0,E,0.0,0.0,0.0
0.5,1,0.0,A,0.0,0.0,0.0
0.5,1,0.0,B,0.0,0.0,0.0
0.5,1,0.0,C,0.0,0.0,0.0
0.5,1,0.0,E,0.0,0.0,0.0
0.5,1,0.6,A,0.0033333333333333335,0.0,0.01
0.5,1,0.6,B,0.01,0.0,0.023333333333333334
0.5,1,0.6,C,0.04,0.02,0.06333333333333334
0.5,1,0.6,E,0.0,0.0,0.0
0.5,1,1.0,A,0.016666666666666666,0.0033333333333333335,0.03333333333333333
0.5,1,1.0,B,0.14,0.10333333333333333,0.18
0.5,1,1.0,C,0.22333333333333333,0.17666666666666667,0.27
0.5,1,1.0,E,0.0,0.0,0.0
0.5,2,0.0,A,0.0,0.0,0.0
0.5,2,0.0,B,0.0,0.0,0.0
0.5,2,0.0,C,0.0,0.0,0.0
0.5,2,0.0,E,0.0,0.0,0.0
0.5,2,0.6,A,0.0,0.0,0.0
0.5,2,0.6,B,0.0,0.0,0.0
0.5,2,0.6,C,0.0,0.0,0.0
0.5,2,0.6,E,0.0,0.0,0.0
0.5,2,1.0,A,0.0033333333333333335,0.0,0.01
0.5,2,1.0,B,0.0,0.0,0.0
0.5,2,1.0,C,0.01,0.0,0.023333333333333334
0.5,2,1.0,E,0.0,0.0,0.0
0.5,5,0.0,A,0.0,0.0,0.0
0.5,5,0.0,B,0.0,0.0,0.0
0.5,5,0.0,C,0.0,0.0,0.0
0.5,5,0.0,E,0.0,0.0,0.0
0.5,5,0.6,A,0.0,0.0,0.0
0.5,5,0.6,B,0.0,0.0,0.0
0.5,5,0.6,C,0.0,0.0,0.0
0.5,5,0.6,E,0.0,0.0,0.0
0.5,5,1.0,A,0.0,0.0,0.0
0.5,5,1.0,B,0.0,0.0,0.0
0.5,5,1.0,C,0.0,0.0,0.0
0.5,5,1.0,E,0.0,0.0,0.0
0.5,10,0.0,A,0.0,0.0,0.0
0.5,10,0.0,B,0.0,0.0,0.0
0.5,10,0.0,C,0.0,0.0,0.0
0.5,10,0.0,E,0.0,0.0,0.0
0.5,10,0.6,A,0.0,0.0,0.0
0.5,10,0.6,B,0.0,0.0,0.0
0.5,10,0.6,C,0.0,0.0,0.0
0.5,10,0.6,E,0.0,0.0,0.0
0.5,10,1.0,A,0.0,0.0,0.0
0.5,10,1.0,B,0.0,0.0,0.0
0.5,10,1.0,C,0.0,0.0,0.0
0.5,10,1.0,E,0.0,0.0,0.0
0.5,20,0.0,A,0.0,0.0,0.0
0.5,20,0.0,B,0.0,0.0,0.0
0.5,20,0.0,C,0.0,0.0,0.0
0.5,20,0.0,E,0.0,0.0,0.0
0.5,20,0.6,A,0.0,0.0,0.0
0.5,20,0.6,B,0.0,0.0,0.0
0.5,20,0.6,C,0.0,0.0,0.0
0.5,20,0.6,E,0.0,0.0,0.0
0.5,20,1.0,A,0.0,0.0,0.0
0.5,20,1.0,B,0.0,0.0,0.0
0.5,20,1.0,C,0.0,0.0,0.0
0.5,20,1.0,E,0.0,0.0,0.0
0.6,1,0.0,A,0.0,0.0,0.0
0.6,1,0.0,B,0.0,0.0,0.0
0.6,1,0.0,C,0.0,0.0,0.0
0.6,1,0.0,E,0.0,0.0,0.0
0.6,1,0.6,A,0.0033333333333333335,0.0,0.01
0.6,1,0.6,B,0.0,0.0,0.0
0.6,1,0.6,C,0.01,0.0,0.023333333333333334
0.6,1,0.6,E,0.0,0.0,0.0
0.6,1,1.0,A,0.01,0.0,0.023333333333333334
0.6,1,1.0,B,0.05,0.02666666666666667,0.07666666666666666
0.6,1,1.0,C,0.13666666666666666,0.1,0.17666666666666667
0.6,1,1.0,E,0.0,0.0,0.0
0.6,2,0.0,A,0.0,0.0,0.0
0.6,2,0.0,B,0.0,0.0,0.0
0.6,2,0.0,C,0.0,0.0,0.0
0.6,2,0.0,E,0.0,0.0,0.0
0.6,2,0.6,A,0.0,0.0,0.0
0.6,2,0.6,B,0.0,0.0,0.0
0.6,2,0.6,C,0.0,0.0,0.0
0.6,2,0.6,E,0.0,0.0,0.0
0.6,2,1.0,A,0.0,0.0,0.0
0.6,2,1.0,B,0.0,0.0,0.0
0.6,2,1.0,C,0.0033333333333333335,0.0,0.01
0.6,2,1.0,E,0.0,0.0,0.0
0.6,5,0.0,A,0.0,0.0,0.0
0.6,5,0.0,B,0.0,0.0,0.0
0.6,5,0.0,C,0.0,0.0,0.0
0.6,5,0.0,E,0.0,0.0,0.0
0.6,5,0.6,A,0.0,0.0,0.0
0.6,5,0.6,B,0.0,0.0,0.0
0.6,5,0.6,C,0.0,0.0,0.0
0.6,5,0.6,E,0.0,0.0,0.0
0.6,5,1.0,A,0.0,0.0,0.0
0.6,5,1.0,B,0.0,0.0,0.0
0.6,5,1.0,C,0.0,0.0,0.0
0.6,5,1.0,E,0.0,0.0,0.0
0.6,10,0.0,A,0.0,0.0,0.0
0.6,10,0.0,B,0.0,0.0,0.0
0.6,10,0.0,C,0.0,0.0,0.0
0.6,10,0.0,E,0.0,0.0,0.0
0.6,10,0.6,A,0.0,0.0,0.0
0.6,10,0.6,B,0.0,0.0,0.0
0.6,10,0.6,C,0.0,0.0,0.0
0.6,10,0.6,E,0.0,0.0,0.0
0.6,10,1.0,A,0.0,0.0,0.0
0.6,10,1.0,B,0.0,0.0,0.0
0.6,10,1.0,C,0.0,0.0,0.0
0.6,10,1.0,E,0.0,0.0,0.0
0.6,20,0.0,A,0.0,0.0,0.0
0.6,20,0.0,B,0.0,0.0,0.0
0.6,20,0.0,C,0.0,0.0,0.0
0.6,20,0.0,E,0.0,0.0,0.0
0.6,20,0.6,A,0.0,0.0,0.0
0.6,20,0.6,B,0.0,0.0,0.0
0.6,20,0.6,C,0.0,0.0,0.0
0.6,20,0.6,E,0.0,0.0,0.0
0.6,20,1.0,A,0.0,0.0,0.0
0.6,20,1.0,B,0.0,0.0,0.0
0.6,20,1.0,C,0.0,0.0,0.0
0.6,20,1.0,E,0.0,0.0,0.0
0.75,1,0.0,A,0.0,0.0,0.0
0.75,1,0.0,B,0.0,0.0,0.0
0.75,1,0.0,C,0.0,0.0,0.0
0.75,1,0.0,E,0.0,0.0,0.0
0.75,1,0.6,A,0.0,0.0,0.0
0.75,1,0.6,B,0.0,0.0,0.0
0.75,1,0.6,C,0.0033333333333333335,0.0,0.01
0.75,1,0.6,E,0.0,0.0,0.0
0.75,1,1.0,A,0.0033333333333333335,0.0,0.01
0.75,1,1.0,B,0.013333333333333334,0.0033333333333333335,0.02666666666666667
0.75,1,1.0,C,0.07,0.043333333333333335,0.1
0.75,1,1.0,E,0.0,0.0,0.0
0.75,2,0.0,A,0.0,0.0,0.0
0.75,2,0.0,B,0.0,0.0,0.0
0.75,2,0.0,C,0.0,0.0,0.0
0.75,2,0.0,E,0.0,0.0,0.0
0.75,2,0.6,A,0.0,0.0,0.0
0.75,2,0.6,B,0.0,0.0,0.0
0.75,2,0.6,C,0.0,0.0,0.0
0.75,2,0.6,E,0.0,0.0,0.0
0.75,2,1.0,A,0.0,0.0,0.0
0.75,2,1.0,B,0.0,0.0,0.0
0.75,2,1.0,C,0.0,0.0,0.0
0.75,2,1.0,E,0.0,0.0,0.0
0.75,5,0.0,A,0.0,0.0,0.0
0.75,5,0.0,B,0.0,0.0,0.0
0.75,5,0.0,C,0.0,0.0,0.0
0.75,5,0.0,E,0.0,0.0,0.0
0.75,5,0.6,A,0.0,0.0,0.0
0.75,5,0.6,B,0.0,0.0,0.0
0.75,5,0.6,C,0.0,0.0,0.0
0.75,5,0.6,E,0.0,0.0,0.0
0.75,5,1.0,A,0.0,0.0,0.0
0.75,5,1.0,B,0.0,0.0,0.0
0.75,5,1.0,C,0.0,0.0,0.0
0.75,5,1.0,E,0.0,0.0,0.0
0.75,10,0.0,A,0.0,0.0,0.0
0.75,10,0.0,B,0.0,0.0,0.0
0.75,10,0.0,C,0.0,0.0,0.0
0.75,10,0.0,E,0.0,0.0,0.0
0.75,10,0.6,A,0.0,0.0,0.0
0.75,10,0.6,B,0.0,0.0,0.0
0.75,10,0.6,C,0.0,0.0,0.0
0.75,10,0.6,E,0.0,0.0,0.0
0.75,10,1.0,A,0.0,0.0,0.0
0.75,10,1.0,B,0.0,0.0,0.0
0.75,10,1.0,C,0.0,0.0,0.0
0.75,10,1.0,E,0.0,0.0,0.0
0.75,20,0.0,A,0.0,0.0,0.0
0.75,20,0.0,B,0.0,0.0,0.0
0.75,20,0.0,C,0.0,0.0,0.0
0.75,20,0.0,E,0.0,0.0,0.0
0.75,20,0.6,A,0.0,0.0,0.0
0.75,20,0.6,B,0.0,0.0,0.0
0.75,20,0.6,C,0.0,0.0,0.0
0.75,20,0.6,E,0.0,0.0,0.0
0.75,20,1.0,A,0.0,0.0,0.0
0.75,20,1.0,B,0.0,0.0,0.0
0.75,20,1.0,C,0.0,0.0,0.0
0.75,20,1.0,E,0.0,0.0,0.0
1.0,1,0.0,A,0.0,0.0,0.0
1.0,1,0.0,B,0.0,0.0,0.0
1.0,1,0.0,C,0.0,0.0,0.0
1.0,1,0.0,E,0.0,0.0,0.0
1.0,1,0.6,A,0.0,0.0,0.0
1.0,1,0.6,B,0.0,0.0,0.0
1.0,1,0.6,C,0.0,0.0,0.0
1.0,1,0.6,E,0.0,0.0,0.0
1.0,1,1.0,A,0.0033333333333333335,0.0,0.01
1.0,1,1.0,B,0.0,0.0,0.0
1.0,1,1.0,C,0.01,0.0,0.023333333333333334
1.0,1,1.0,E,0.0,0.0,0.0
1.0,2,0.0,A,0.0,0.0,0.0
1.0,2,0.0,B,0.0,0.0,0.0
1.0,2,0.0,C,0.0,0.0,0.0
1.0,2,0.0,E,0.0,0.0,0.0
1.0,2,0.6,A,0.0,0.0,0.0
1.0,2,0.6,B,0.0,0.0,0.0
1.0,2,0.6,C,0.0,0.0,0.0
1.0,2,0.6,E,0.0,0.0,0.0
1.0,2,1.0,A,0.0,0.0,0.0
1.0,2,1.0,B,0.0,0.0,0.0
1.0,2,1.0,C,0.0,0.0,0.0
1.0,2,1.0,E,0.0,0.0,0.0
1.0,5,0.0,A,0.0,0.0,0.0
1.0,5,0.0,B,0.0,0.0,0.0
1.0,5,0.0,C,0.0,0.0,0.0
1.0,5,0.0,E,0.0,0.0,0.0
1.0,5,0.6,A,0.0,0.0,0.0
1.0,5,0.6,B,0.0,0.0,0.0
1.0,5,0.6,C,0.0,0.0,0.0
1.0,5,0.6,E,0.0,0.0,0.0
1.0,5,1.0,A,0.0,0.0,0.0
1.0,5,1.0,B,0.0,0.0,0.0
1.0,5,1.0,C,0.0,0.0,0.0
1.0,5,1.0,E,0.0,0.0,0.0
1.0,10,0.0,A,0.0,0.0,0.0
1.0,10,0.0,B,0.0,0.0,0.0
1.0,10,0.0,C,0.0,0.0,0.0
1.0,10,0.0,E,0.0,0.0,0.0
1.0,10,0.6,A,0.0,0.0,0.0
1.0,10,0.6,B,0.0,0.0,0.0
1.0,10,0.6,C,0.0,0.0,0.0
1.0,10,0.6,E,0.0,0.0,0.0
1.0,10,1.0,A,0.0,0.0,0.0
1.0,10,1.0,B,0.0,0.0,0.0
1.0,10,1.0,C,0.0,0.0,0.0
1.0,10,1.0,E,0.0,0.0,0.0
1.0,20,0.0,A,0.0,0.0,0.0
1.0,20,0.0,B,0.0,0.0,0.0
1.0,20,0.0,C,0.0,0.0,0.0
1.0,20,0.0,E,0.0,0.0,0.0
1.0,20,0.6,A,0.0,0.0,0.0
1.0,20,0.6,B,0.0,0.0,0.0
1.0,20,0.6,C,0.0,0.0,0.0
1.0,20,0.6,E,0.0,0.0,0.0
1.0,20,1.0,A,0.0,0.0,0.0
1.0,20,1.0,B,0.0,0.0,0.0
1.0,20,1.0,C,0.0,0.0,0.0
1.0,20,1.0,E,0.0,0.0,0.0
