kappa,C,workflow_left,workflow_right,median_paired_diff_left_minus_right,lo,hi
1,0.0,A,B,0.0,0.0,0.0
1,0.0,A,C,0.0,0.0,0.0
1,0.0,A,E,0.0,0.0,0.0
1,0.0,B,C,0.0,0.0,0.0
1,0.0,B,E,0.0,0.0,0.0
1,0.0,C,E,0.0,0.0,0.0
1,0.6,A,B,-0.12540625535340544,-0.1531407956081527,-0.10261927603256416
1,0.6,A,C,-0.13091055793411333,-0.1487023697962443,-0.10846365682329198
1,0.6,A,E,0.02314330837901455,0.0193962952170511,0.0251673550176607
1,0.6,B,C,-0.006098715077713604,-0.031378379460786116,0.0171041441922668
1,0.6,B,E,0.1591471298368024,0.13583090903237288,0.18163875884029068
1,0.6,C,E,0.16237523403126924,0.1426523289504616,0.1923577114712275
1,1.0,A,B,-0.2090104255890092,-0.2555566479488791,-0.1701606208668696
1,1.0,A,C,-0.218184263223522,-0.24867016904176945,-0.17982291732120637
1,1.0,A,E,0.0384282313565546,0.0322425871928168,0.0421303519233975
1,1.0,B,C,-0.010164525129522706,-0.05228394681839976,0.029044066175161865
1,1.0,B,E,0.2653361062958993,0.227058965181383,0.30616793329295683
1,1.0,C,E,0.27025828266116303,0.2377733621911716,0.3159476724158184
2,0.0,A,B,0.0,0.0,0.0
2,0.0,A,C,0.0,0.0,0.0
2,0.0,A,E,0.0,0.0,0.0
2,0.0,B,C,0.0,0.0,0.0
2,0.0,B,E,0.0,0.0,0.0
2,0.0,C,E,0.0,0.0,0.0
2,0.6,A,B,-0.06270312767670275,-0.07565311702370345,-0.0494758978107474
2,0.6,A,C,-0.06545527896705669,-0.0740685693219954,-0.054231828411646595
2,0.6,A,E,0.0116060252045008,0.0096723811986655,0.012663148229508848
2,0.6,B,C,-0.003049357538856691,-0.015685081335651656,0.008713219852548602
2,0.6,B,E,0.07955365331278146,0.06833209425753309,0.09239975656114427
2,0.6,C,E,0.0812690738166615,0.0714287710986736,0.0942264069361759
2,1.0,A,B,-0.1045052127945045,-0.12673027416456956,-0.08507809351213984
2,1.0,A,C,-0.10909213161176105,-0.1236710960469741,-0.0890754857308019
2,1.0,A,E,0.01930485286152605,0.01628049516228535,0.021106077415242952
2,1.0,B,C,-0.005082262564761256,-0.0261349549015166,0.014318812851006852
2,1.0,B,E,0.13261147780585913,0.11387626059618645,0.1536198548117752
2,1.0,C,E,0.13535807683065984,0.11979828895363072,0.1594814986309864
5,0.0,A,B,0.0,0.0,0.0
5,0.0,A,C,0.0,0.0,0.0
5,0.0,A,E,0.0,0.0,0.0
5,0.0,B,C,0.0,0.0,0.0
5,0.0,B,E,0.0,0.0,0.0
5,0.0,C,E,0.0,0.0,0.0
5,0.6,A,B,-0.02508125107068105,-0.030415265799502548,-0.020419274504024802
5,0.6,A,C,-0.0261821115868226,-0.0296216521432856,-0.0213781165753925
5,0.6,A,E,0.004652153551301476,0.0038714852567055995,0.0050725758988610006
5,0.6,B,C,-0.0012197430155428506,-0.006274032534260798,0.003485287941019449
5,0.6,B,E,0.03181675479753585,0.027273059961435052,0.03663121379450715
5,0.6,C,E,0.0325269264611263,0.028919082217525344,0.0381668933298479
5,1.0,A,B,-0.04180208511780175,-0.05069210966583245,-0.03403123740485589
5,1.0,A,C,-0.043636852644704405,-0.04939315984418761,-0.036154552274431796
5,1.0,A,E,0.007745232087570501,0.00652677894206065,0.00844199769234945
5,1.0,B,C,-0.0020329050259044537,-0.010030266410059845,0.0058392083600602475
5,1.0,B,E,0.0530313997467822,0.0453054441878291,0.0607115818513211
5,1.0,C,E,0.0541972242684528,0.0474746663710736,0.06356939543978635
10,0.0,A,B,0.0,0.0,0.0
10,0.0,A,C,0.0,0.0,0.0
10,0.0,A,E,0.0,0.0,0.0
10,0.0,B,C,0.0,0.0,0.0
10,0.0,B,E,0.0,0.0,0.0
10,0.0,C,E,0.0,0.0,0.0
10,0.6,A,B,-0.01254062553534045,-0.0150818669225773,-0.010209371221456926
10,0.6,A,C,-0.01309105579341135,-0.0148108260716429,-0.010844940916253862
10,0.6,A,E,0.0023272556447979523,0.0019585737304841505,0.00252415842552725
10,0.6,B,C,-0.0006098715077714027,-0.0031370162671304994,0.0017176322490852556
10,0.6,B,E,0.01590759904529735,0.013655233608530685,0.0184146658037575
10,0.6,C,E,0.016266674296606748,0.01443730128602395,0.01908750248930935
10,1.0,A,B,-0.020901042558901052,-0.025349381990735383,-0.017123182672847452
10,1.0,A,C,-0.02181842632235225,-0.02476235271289135,-0.018074901527089314
10,1.0,A,E,0.003877450729891903,0.00322217014305455,0.0042270225494235
10,1.0,B,C,-0.0010164525129520516,-0.005228360445217198,0.0029044066175162196
10,1.0,B,E,0.026513529358286346,0.022707773922718798,0.030693990755624696
10,1.0,C,E,0.0271075577141986,0.023809164353748632,0.03207544235370209
20,0.0,A,B,0.0,0.0,0.0
20,0.0,A,C,0.0,0.0,0.0
20,0.0,A,E,0.0,0.0,0.0
20,0.0,B,C,0.0,0.0,0.0
20,0.0,B,E,0.0,0.0,0.0
20,0.0,C,E,0.0,0.0,0.0
20,0.6,A,B,-0.0062703127676699,-0.0076038164498813,-0.0050994980148988
20,0.6,A,C,-0.00654552789670575,-0.0074054130358214,-0.005383855992507
20,0.6,A,E,0.0011639216280882297,0.0009674952293859001,0.0012533166572226387
20,0.6,B,C,-0.00030493575388550014,-0.0015685081335654006,0.0008301954881888996
20,0.6,B,E,0.00795360550917085,0.0068279083256564,0.0092066872340973
20,0.6,C,E,0.0081341381518385,0.00725030724501175,0.009522859792934841
20,1.0,A,B,-0.01045052127945045,-0.01273957057277745,-0.00849916335816455
20,1.0,A,C,-0.010909213161176101,-0.0123423550597024,-0.0090386380686091
20,1.0,A,E,0.0019395429101804183,0.0016107996866723076,0.0021076125393922
20,1.0,B,C,-0.0005082262564762496,-0.002614864955065802,0.001404502248168498
20,1.0,B,E,0.01325622468983385,0.011354430514494699,0.015138633851433499
20,1.0,C,E,0.013556007134111401,0.011886546208492292,0.0156879360350729
