sample_id,kappa_ref_target,C,workflow_id,F_true,sigma_psf,F_est,signed_error,absolute_error,optimizer_success,optimizer_status
0,1,0.0,A,921.952954935469,2.2796206325861057,921.9529549354692,1.2331088816736143e-16,1.2331088816736143e-16,True,1
0,1,0.0,B,921.952954935469,2.2796206325861057,921.9529549354692,1.2331088816736143e-16,1.2331088816736143e-16,True,1
0,1,0.0,C,921.952954935469,2.2796206325861057,921.9529549354692,1.2331088816736143e-16,1.2331088816736143e-16,True,1
0,1,0.0,E,921.952954935469,2.2796206325861057,921.9529549360727,6.547808161686891e-13,6.547808161686891e-13,True,1
0,1,0.6,A,921.952954935469,2.2796206325861057,976.9409820208788,0.05964298589319945,0.05964298589319945,True,1
0,1,0.6,B,921.952954935469,2.2796206325861057,732.6548654206938,-0.20532293811892488,0.20532293811892488,True,1
0,1,0.6,C,921.952954935469,2.2796206325861057,562.5071579328779,-0.3898743369478653,0.3898743369478653,True,1
0,1,0.6,E,921.952954935469,2.2796206325861057,923.7138772027016,0.0019099914565118045,0.0019099914565118045,True,2
0,1,1.0,A,921.952954935469,2.2796206325861057,1013.5996667444851,0.09940497648866563,0.09940497648866563,True,1
0,1,1.0,B,921.952954935469,2.2796206325861057,606.45613907751,-0.34220489686487515,0.34220489686487515,True,1
0,1,1.0,C,921.952954935469,2.2796206325861057,322.876626597817,-0.6497905615797757,0.6497905615797757,True,1
0,1,1.0,E,921.952954935469,2.2796206325861057,924.8796370725104,0.003174437612433462,0.003174437612433462,True,2
0,2,0.0,A,1843.905909870938,2.2796206325861057,1843.9059098709383,1.2331088816736143e-16,1.2331088816736143e-16,True,1
0,2,0.0,B,1843.905909870938,2.2796206325861057,1843.9059098709383,1.2331088816736143e-16,1.2331088816736143e-16,True,1
0,2,0.0,C,1843.905909870938,2.2796206325861057,1843.9059098709383,1.2331088816736143e-16,1.2331088816736143e-16,True,1
0,2,0.0,E,1843.905909870938,2.2796206325861057,1843.905909870938,0.0,0.0,True,1
0,2,0.6,A,1843.905909870938,2.2796206325861057,1898.893936956348,0.029821492946599786,0.029821492946599786,True,1
0,2,0.6,B,1843.905909870938,2.2796206325861057,1654.6078203561628,-0.10266146905946244,0.10266146905946244,True,1
0,2,0.6,C,1843.905909870938,2.2796206325861057,1484.460112868347,-0.19493716847393258,0.19493716847393258,True,1
0,2,0.6,E,1843.905909870938,2.2796206325861057,1845.6697745253648,0.0009565914643389571,0.0009565914643389571,True,2
0,2,1.0,A,1843.905909870938,2.2796206325861057,1935.5526216799544,0.04970248824433293,0.04970248824433293,True,1
0,2,1.0,B,1843.905909870938,2.2796206325861057,1528.4090940129793,-0.17110244843243744,0.17110244843243744,True,1
0,2,1.0,C,1843.905909870938,2.2796206325861057,1244.8295815332863,-0.3248952807898877,0.3248952807898877,True,1
0,2,1.0,E,1843.905909870938,2.2796206325861057,1846.8425371808257,0.0015926123421846248,0.0015926123421846248,True,2
0,5,0.0,A,4609.7647746773455,2.2796206325861057,4609.7647746773455,0.0,0.0,True,1
0,5,0.0,B,4609.7647746773455,2.2796206325861057,4609.7647746773455,0.0,0.0,True,1
0,5,0.0,C,4609.7647746773455,2.2796206325861057,4609.7647746773455,0.0,0.0,True,1
0,5,0.0,E,4609.7647746773455,2.2796206325861057,4609.764774677345,-1.9729742106777828e-16,1.9729742106777828e-16,True,1
0,5,0.6,A,4609.7647746773455,2.2796206325861057,4664.752801762756,0.011928597178639963,0.011928597178639963,True,1
0,5,0.6,B,4609.7647746773455,2.2796206325861057,4420.466685162571,-0.04106458762378488,0.04106458762378488,True,1
0,5,0.6,C,4609.7647746773455,2.2796206325861057,4250.318977674755,-0.07797486738957293,0.07797486738957293,True,1
0,5,0.6,E,4609.7647746773455,2.2796206325861057,4611.530078844706,0.00038294886044023526,0.00038294886044023526,True,2
0,5,1.0,A,4609.7647746773455,2.2796206325861057,4701.411486486361,0.019880995297733073,0.019880995297733073,True,1
0,5,1.0,B,4609.7647746773455,2.2796206325861057,4294.267958819386,-0.06844097937297512,0.06844097937297512,True,1
0,5,1.0,C,4609.7647746773455,2.2796206325861057,4010.688446339693,-0.1299581123159552,0.1299581123159552,True,1
0,5,1.0,E,4609.7647746773455,2.2796206325861057,4612.7059339381985,0.0006380280566612898,0.0006380280566612898,True,2
0,10,0.0,A,9219.529549354691,2.2796206325861057,9219.529549354691,0.0,0.0,True,1
0,10,0.0,B,9219.529549354691,2.2796206325861057,9219.529549354691,0.0,0.0,True,1
0,10,0.0,C,9219.529549354691,2.2796206325861057,9219.529549354691,0.0,0.0,True,1
0,10,0.0,E,9219.529549354691,2.2796206325861057,9219.52954935469,-1.9729742106777828e-16,1.9729742106777828e-16,True,1
0,10,0.6,A,9219.529549354691,2.2796206325861057,9274.517576440101,0.0059642985893199815,0.0059642985893199815,True,1
0,10,0.6,B,9219.529549354691,2.2796206325861057,9030.231459839915,-0.020532293811892536,0.020532293811892536,True,1
0,10,0.6,C,9219.529549354691,2.2796206325861057,8860.0837523521,-0.038987433694786466,0.038987433694786466,True,1
0,10,0.6,E,9219.529549354691,2.2796206325861057,9221.295276839597,0.00019152034552888383,0.00019152034552888383,True,2
0,10,1.0,A,9219.529549354691,2.2796206325861057,9311.17626116371,0.009940497648866833,0.009940497648866833,True,1
0,10,1.0,B,9219.529549354691,2.2796206325861057,8904.032733496735,-0.034220489686487165,0.034220489686487165,True,1
0,10,1.0,C,9219.529549354691,2.2796206325861057,8620.453221017042,-0.06497905615797725,0.06497905615797725,True,1
0,10,1.0,E,9219.529549354691,2.2796206325861057,9222.47196355766,0.0003191501461346532,0.0003191501461346532,True,2
0,20,0.0,A,18439.059098709382,2.2796206325861057,18439.059098709382,0.0,0.0,True,1
0,20,0.0,B,18439.059098709382,2.2796206325861057,18439.059098709382,0.0,0.0,True,1
0,20,0.0,C,18439.059098709382,2.2796206325861057,18439.059098709382,0.0,0.0,True,1
0,20,0.0,E,18439.059098709382,2.2796206325861057,18439.059098709382,0.0,0.0,True,1
0,20,0.6,A,18439.059098709382,2.2796206325861057,18494.047125794794,0.002982149294660089,0.002982149294660089,True,1
0,20,0.6,B,18439.059098709382,2.2796206325861057,18249.761009194608,-0.010266146905946169,0.010266146905946169,True,1
0,20,0.6,C,18439.059098709382,2.2796206325861057,18079.61330170679,-0.019493716847393233,0.019493716847393233,True,1
0,20,0.6,E,18439.059098709382,2.2796206325861057,18440.82502702351,9.577106427588124e-05,9.577106427588124e-05,True,2
0,20,1.0,A,18439.059098709382,2.2796206325861057,18530.7058105184,0.0049702488244334165,0.0049702488244334165,True,1
0,20,1.0,B,18439.059098709382,2.2796206325861057,18123.562282851424,-0.017110244843243683,0.017110244843243683,True,1
0,20,1.0,C,18439.059098709382,2.2796206325861057,17839.98277037173,-0.03248952807898872,0.03248952807898872,True,1
0,20,1.0,E,18439.059098709382,2.2796206325861057,18442.00209073125,0.00015960640974756204,0.00015960640974756204,True,2
1,1,0.0,A,1159.4992064639607,2.1825039688370893,1159.499206463961,1.9609644765229016e-16,1.9609644765229016e-16,True,1
1,1,0.0,B,1159.4992064639607,2.1825039688370893,1159.499206463961,1.9609644765229016e-16,1.9609644765229016e-16,True,1
1,1,0.0,C,1159.4992064639607,2.1825039688370893,1159.499206463961,1.9609644765229016e-16,1.9609644765229016e-16,True,1
1,1,0.0,E,1159.4992064639607,2.1825039688370893,1159.4992064639607,0.0,0.0,True,1
1,1,0.6,A,1159.4992064639607,2.1825039688370893,1132.8461422830965,-0.022986703252817337,0.022986703252817337,True,1
1,1,0.6,B,1159.4992064639607,2.1825039688370893,997.5201615744827,-0.13969741763209445,0.13969741763209445,True,1
1,1,0.6,C,1159.4992064639607,2.1825039688370893,1183.0215908677608,0.020286675724026187,0.020286675724026187,True,1
1,1,0.6,E,1159.4992064639607,2.1825039688370893,1169.2479242117276,0.00840769678273164,0.00840769678273164,True,2
1,1,1.0,A,1159.4992064639607,2.1825039688370893,1115.077432829187,-0.03831117208802883,0.03831117208802883,True,1
1,1,1.0,B,1159.4992064639607,2.1825039688370893,889.534131648164,-0.23282902938682407,0.23282902938682407,True,1
1,1,1.0,C,1159.4992064639607,2.1825039688370893,1198.7031804702942,0.03381112620671038,0.03381112620671038,True,1
1,1,1.0,E,1159.4992064639607,2.1825039688370893,1175.7133075756317,0.013983710399524911,0.013983710399524911,True,2
1,2,0.0,A,2318.9984129279214,2.1825039688370893,2318.998412927922,1.9609644765229016e-16,1.9609644765229016e-16,True,1
1,2,0.0,B,2318.9984129279214,2.1825039688370893,2318.998412927922,1.9609644765229016e-16,1.9609644765229016e-16,True,1
1,2,0.0,C,2318.9984129279214,2.1825039688370893,2318.998412927922,1.9609644765229016e-16,1.9609644765229016e-16,True,1
1,2,0.0,E,2318.9984129279214,2.1825039688370893,2318.9984129279214,0.0,0.0,True,1
1,2,0.6,A,2318.9984129279214,2.1825039688370893,2292.3453487470574,-0.011493351626408571,0.011493351626408571,True,1
1,2,0.6,B,2318.9984129279214,2.1825039688370893,2157.0193680384436,-0.06984870881604713,0.06984870881604713,True,1
1,2,0.6,C,2318.9984129279214,2.1825039688370893,2342.520797331722,0.01014333786201329,0.01014333786201329,True,1
1,2,0.6,E,2318.9984129279214,2.1825039688370893,2328.7626552776205,0.004210542920282102,0.004210542920282102,True,2
1,2,1.0,A,2318.9984129279214,2.1825039688370893,2274.576639293148,-0.01915558604401422,0.01915558604401422,True,1
1,2,1.0,B,2318.9984129279214,2.1825039688370893,2049.0333381121254,-0.11641451469341174,0.11641451469341174,True,1
1,2,1.0,C,2318.9984129279214,2.1825039688370893,2358.2023869342556,0.016905563103355482,0.016905563103355482,True,1
1,2,1.0,E,2318.9984129279214,2.1825039688370893,2335.254847993322,0.007010110474752583,0.007010110474752583,True,2
1,5,0.0,A,5797.496032319804,2.1825039688370893,5797.496032319804,0.0,0.0,True,1
1,5,0.0,B,5797.496032319804,2.1825039688370893,5797.496032319804,0.0,0.0,True,1
1,5,0.0,C,5797.496032319804,2.1825039688370893,5797.496032319804,0.0,0.0,True,1
1,5,0.0,E,5797.496032319804,2.1825039688370893,5797.496032319804,0.0,0.0,True,1
1,5,0.6,A,5797.496032319804,2.1825039688370893,5770.842968138941,-0.004597340650563272,0.004597340650563272,True,1
1,5,0.6,B,5797.496032319804,2.1825039688370893,5635.5169874303265,-0.02793948352641877,0.02793948352641877,True,1
1,5,0.6,C,5797.496032319804,2.1825039688370893,5821.018416723605,0.004057335144805395,0.004057335144805395,True,1
1,5,0.6,E,5797.496032319804,2.1825039688370893,5807.26972581773,0.001685847380220764,0.001685847380220764,True,2
1,5,1.0,A,5797.496032319804,2.1825039688370893,5753.07425868503,-0.007662234417605766,0.007662234417605766,True,1
1,5,1.0,B,5797.496032319804,2.1825039688370893,5527.530957504007,-0.04656580587736477,0.04656580587736477,True,1
1,5,1.0,C,5797.496032319804,2.1825039688370893,5836.700006326138,0.006762225241342115,0.006762225241342115,True,1
1,5,1.0,E,5797.496032319804,2.1825039688370893,5813.778499543043,0.0028085344314972924,0.0028085344314972924,True,2
1,10,0.0,A,11594.992064639608,2.1825039688370893,11594.992064639608,0.0,0.0,True,1
1,10,0.0,B,11594.992064639608,2.1825039688370893,11594.992064639608,0.0,0.0,True,1
1,10,0.0,C,11594.992064639608,2.1825039688370893,11594.992064639608,0.0,0.0,True,1
1,10,0.0,E,11594.992064639608,2.1825039688370893,11594.992064639608,0.0,0.0,True,1
1,10,0.6,A,11594.992064639608,2.1825039688370893,11568.339000458745,-0.0022986703252815574,0.0022986703252815574,True,1
1,10,0.6,B,11594.992064639608,2.1825039688370893,11433.013019750131,-0.013969741763209306,0.013969741763209306,True,1
1,10,0.6,C,11594.992064639608,2.1825039688370893,11618.51444904341,0.002028667572402854,0.002028667572402854,True,1
1,10,0.6,E,11594.992064639608,2.1825039688370893,11604.768961286252,0.0008431999428840105,0.0008431999428840105,True,4
1,10,1.0,A,11594.992064639608,2.1825039688370893,11550.570291004833,-0.0038311172088029617,0.0038311172088029617,True,1
1,10,1.0,B,11594.992064639608,2.1825039688370893,11325.02698982381,-0.023282902938682543,0.023282902938682543,True,1
1,10,1.0,C,11594.992064639608,2.1825039688370893,11634.19603864594,0.0033811126206709004,0.0033811126206709004,True,1
1,10,1.0,E,11594.992064639608,2.1825039688370893,11611.283314657307,0.001405024680213556,0.001405024680213556,True,2
1,20,0.0,A,23189.984129279215,2.1825039688370893,23189.984129279215,0.0,0.0,True,1
1,20,0.0,B,23189.984129279215,2.1825039688370893,23189.984129279215,0.0,0.0,True,1
1,20,0.0,C,23189.984129279215,2.1825039688370893,23189.984129279215,0.0,0.0,True,1
1,20,0.0,E,23189.984129279215,2.1825039688370893,23189.984129279215,0.0,0.0,True,1
1,20,0.6,A,23189.984129279215,2.1825039688370893,23163.331065098355,-0.0011493351626407002,0.0011493351626407002,True,1
1,20,0.6,B,23189.984129279215,2.1825039688370893,23028.00508438974,-0.006984870881604575,0.006984870881604575,True,1
1,20,0.6,C,23189.984129279215,2.1825039688370893,23213.50651368302,0.0010143337862015054,0.0010143337862015054,True,1
1,20,0.6,E,23189.984129279215,2.1825039688370893,23199.762608794823,0.00042166822802010886,0.00042166822802010886,True,2
1,20,1.0,A,23189.984129279215,2.1825039688370893,23145.56235564444,-0.0019155586044014808,0.0019155586044014808,True,1
1,20,1.0,B,23189.984129279215,2.1825039688370893,22920.019054463417,-0.011641451469341271,0.011641451469341271,True,1
1,20,1.0,C,23189.984129279215,2.1825039688370893,23229.18810328555,0.0016905563103355287,0.0016905563103355287,True,1
1,20,1.0,E,23189.984129279215,2.1825039688370893,23206.27983477381,0.0007027044694705052,0.0007027044694705052,True,2
2,1,0.0,A,989.6472089394816,3.2942607787296696,989.6472089394816,0.0,0.0,True,1
2,1,0.0,B,989.6472089394816,3.2942607787296696,989.6472089394816,0.0,0.0,True,1
2,1,0.0,C,989.6472089394816,3.2942607787296696,989.6472089394816,0.0,0.0,True,1
2,1,0.0,E,989.6472089394816,3.2942607787296696,989.6472089397676,2.889134575302469e-13,2.889134575302469e-13,True,1
2,1,0.6,A,989.6472089394816,3.2942607787296696,1012.8122626354939,0.02340738546702538,0.02340738546702538,True,1
2,1,0.6,B,989.6472089394816,3.2942607787296696,758.6373511991001,-0.23342647324588994,0.23342647324588994,True,1
2,1,0.6,C,989.6472089394816,3.2942607787296696,1230.5912828173534,0.2434646121379663,0.2434646121379663,True,1
2,1,0.6,E,989.6472089394816,3.2942607787296696,989.2762253525095,-0.00037486448061592833,0.00037486448061592833,True,2
2,1,1.0,A,989.6472089394816,3.2942607787296696,1028.2556317661688,0.03901230911170904,0.03901230911170904,True,1
2,1,1.0,B,989.6472089394816,3.2942607787296696,604.6307793721791,-0.3890441220764832,0.3890441220764832,True,1
2,1,1.0,C,989.6472089394816,3.2942607787296696,1391.2206654026015,0.4057743535632774,0.4057743535632774,True,1
2,1,1.0,E,989.6472089394816,3.2942607787296696,988.8822846011359,-0.000772926282655249,0.000772926282655249,True,2
2,2,0.0,A,1979.2944178789633,3.2942607787296696,1979.2944178789633,0.0,0.0,True,1
2,2,0.0,B,1979.2944178789633,3.2942607787296696,1979.2944178789633,0.0,0.0,True,1
2,2,0.0,C,1979.2944178789633,3.2942607787296696,1979.2944178789633,0.0,0.0,True,1
2,2,0.0,E,1979.2944178789633,3.2942607787296696,1979.2944178795292,2.8592667824762804e-13,2.8592667824762804e-13,True,1
2,2,0.6,A,1979.2944178789633,3.2942607787296696,2002.4594715749759,0.011703692733512861,0.011703692733512861,True,1
2,2,0.6,B,1979.2944178789633,3.2942607787296696,1748.284560138582,-0.1167132366229448,0.1167132366229448,True,1
2,2,0.6,C,1979.2944178789633,3.2942607787296696,2220.2384917568356,0.12173230606898344,0.12173230606898344,True,1
2,2,0.6,E,1979.2944178789633,3.2942607787296696,1978.9879125626805,-0.0001548558483841756,0.0001548558483841756,True,2
2,2,1.0,A,1979.2944178789633,3.2942607787296696,2017.9028407056508,0.019506154555854693,0.019506154555854693,True,1
2,2,1.0,B,1979.2944178789633,3.2942607787296696,1594.277988311661,-0.1945220610382415,0.1945220610382415,True,1
2,2,1.0,C,1979.2944178789633,3.2942607787296696,2380.8678743420833,0.20288717678163876,0.20288717678163876,True,1
2,2,1.0,E,1979.2944178789633,3.2942607787296696,1978.712099963628,-0.00029420479847529267,0.00029420479847529267,True,2
2,5,0.0,A,4948.236044697408,3.2942607787296696,4948.236044697407,-1.8380180200731413e-16,1.8380180200731413e-16,True,1
2,5,0.0,B,4948.236044697408,3.2942607787296696,4948.236044697407,-1.8380180200731413e-16,1.8380180200731413e-16,True,1
2,5,0.0,C,4948.236044697408,3.2942607787296696,4948.236044697407,-1.8380180200731413e-16,1.8380180200731413e-16,True,1
2,5,0.0,E,4948.236044697408,3.2942607787296696,4948.236044697408,0.0,0.0,True,1
2,5,0.6,A,4948.236044697408,3.2942607787296696,4971.40109839342,0.004681477093405099,0.004681477093405099,True,1
2,5,0.6,B,4948.236044697408,3.2942607787296696,4717.226186957027,-0.046685294649177964,0.046685294649177964,True,1
2,5,0.6,C,4948.236044697408,3.2942607787296696,5189.18011857528,0.048692922427593335,0.048692922427593335,True,1
2,5,0.6,E,4948.236044697408,3.2942607787296696,4947.967813738875,-5.420738948394793e-05,5.420738948394793e-05,True,2
2,5,1.0,A,4948.236044697408,3.2942607787296696,4986.844467524095,0.007802461822341831,0.007802461822341831,True,1
2,5,1.0,B,4948.236044697408,3.2942607787296696,4563.219615130106,-0.07780882441529655,0.07780882441529655,True,1
2,5,1.0,C,4948.236044697408,3.2942607787296696,5349.809501160528,0.08115487071265555,0.08115487071265555,True,1
2,5,1.0,E,4948.236044697408,3.2942607787296696,4947.760576187412,-9.60884860182813e-05,9.60884860182813e-05,True,2
2,10,0.0,A,9896.472089394816,3.2942607787296696,9896.472089394814,-1.8380180200731413e-16,1.8380180200731413e-16,True,1
2,10,0.0,B,9896.472089394816,3.2942607787296696,9896.472089394814,-1.8380180200731413e-16,1.8380180200731413e-16,True,1
2,10,0.0,C,9896.472089394816,3.2942607787296696,9896.472089394814,-1.8380180200731413e-16,1.8380180200731413e-16,True,1
2,10,0.0,E,9896.472089394816,3.2942607787296696,9896.472089394816,0.0,0.0,True,1
2,10,0.6,A,9896.472089394816,3.2942607787296696,9919.637143090826,0.002340738546702274,0.002340738546702274,True,1
2,10,0.6,B,9896.472089394816,3.2942607787296696,9665.462231654432,-0.02334264732458926,0.02334264732458926,True,1
2,10,0.6,C,9896.472089394816,3.2942607787296696,10137.416163272685,0.0243464612137963,0.0243464612137963,True,1
2,10,0.6,E,9896.472089394816,3.2942607787296696,9896.216574416558,-2.5818794409795212e-05,2.5818794409795212e-05,True,2
2,10,1.0,A,9896.472089394816,3.2942607787296696,9935.080512221502,0.003901230911170824,0.003901230911170824,True,1
2,10,1.0,B,9896.472089394816,3.2942607787296696,9511.455659827512,-0.03890441220764846,0.03890441220764846,True,1
2,10,1.0,C,9896.472089394816,3.2942607787296696,10298.045545857934,0.040577435356327594,0.040577435356327594,True,1
2,10,1.0,E,9896.472089394816,3.2942607787296696,9896.032113751035,-4.445782697179452e-05,4.445782697179452e-05,True,2
2,20,0.0,A,19792.944178789632,3.2942607787296696,19792.94417878963,-1.8380180200731413e-16,1.8380180200731413e-16,True,1
2,20,0.0,B,19792.944178789632,3.2942607787296696,19792.94417878963,-1.8380180200731413e-16,1.8380180200731413e-16,True,1
2,20,0.0,C,19792.944178789632,3.2942607787296696,19792.94417878963,-1.8380180200731413e-16,1.8380180200731413e-16,True,1
2,20,0.0,E,19792.944178789632,3.2942607787296696,19792.944178789632,0.0,0.0,True,1
2,20,0.6,A,19792.944178789632,3.2942607787296696,19816.109232485644,0.0011703692733512287,0.0011703692733512287,True,1
2,20,0.6,B,19792.944178789632,3.2942607787296696,19561.934321049248,-0.01167132366229463,0.01167132366229463,True,1
2,20,0.6,C,19792.944178789632,3.2942607787296696,20033.888252667504,0.012173230606898334,0.012173230606898334,True,1
2,20,0.6,E,19792.944178789632,3.2942607787296696,19792.69499847384,-1.2589350707140486e-05,1.2589350707140486e-05,True,2
2,20,1.0,A,19792.944178789632,3.2942607787296696,19831.552601616317,0.00195061545558532,0.00195061545558532,True,1
2,20,1.0,B,19792.944178789632,3.2942607787296696,19407.927749222326,-0.01945220610382432,0.01945220610382432,True,1
2,20,1.0,C,19792.944178789632,3.2942607787296696,20194.51763525275,0.020288717678163704,0.020288717678163704,True,1
2,20,1.0,E,19792.944178789632,3.2942607787296696,19792.521842486654,-2.1337720106863322e-05,2.1337720106863322e-05,True,2
3,1,0.0,A,956.6266417468962,3.1865518452216772,956.6266417468962,0.0,0.0,True,1
3,1,0.0,B,956.6266417468962,3.1865518452216772,956.6266417468962,0.0,0.0,True,1
3,1,0.0,C,956.6266417468962,3.1865518452216772,956.6266417468962,0.0,0.0,True,1
3,1,0.0,E,956.6266417468962,3.1865518452216772,956.6266417468923,-4.040607185554046e-15,4.040607185554046e-15,True,1
3,1,0.6,A,956.6266417468962,3.1865518452216772,1013.9164459517552,0.05988731831704174,0.05988731831704174,True,1
3,1,0.6,B,956.6266417468962,3.1865518452216772,974.7987565629167,0.01899603672215979,0.01899603672215979,True,1
3,1,0.6,C,956.6266417468962,3.1865518452216772,964.2148231807746,0.007932228836969885,0.007932228836969885,True,1
3,1,0.6,E,956.6266417468962,3.1865518452216772,960.2684672850809,0.003806945551437208,0.003806945551437208,True,2
3,1,1.0,A,956.6266417468962,3.1865518452216772,1052.1096487549944,0.09981219719506937,0.09981219719506937,True,1
3,1,1.0,B,956.6266417468962,3.1865518452216772,986.9134997735969,0.03166006120359957,0.03166006120359957,True,1
3,1,1.0,C,956.6266417468962,3.1865518452216772,969.2736108033599,0.013220381394949531,0.013220381394949531,True,1
3,1,1.0,E,956.6266417468962,3.1865518452216772,962.6911237406479,0.006339445013445688,0.006339445013445688,True,2
3,2,0.0,A,1913.2532834937924,3.1865518452216772,1913.2532834937924,0.0,0.0,True,1
3,2,0.0,B,1913.2532834937924,3.1865518452216772,1913.2532834937924,0.0,0.0,True,1
3,2,0.0,C,1913.2532834937924,3.1865518452216772,1913.2532834937924,0.0,0.0,True,1
3,2,0.0,E,1913.2532834937924,3.1865518452216772,1913.2532834937845,-4.159448573364459e-15,4.159448573364459e-15,True,1
3,2,0.6,A,1913.2532834937924,3.1865518452216772,1970.543087698651,0.02994365915852069,0.02994365915852069,True,1
3,2,0.6,B,1913.2532834937924,3.1865518452216772,1931.4253983098126,0.009498018361079778,0.009498018361079778,True,1
3,2,0.6,C,1913.2532834937924,3.1865518452216772,1920.8414649276704,0.003966114418484705,0.003966114418484705,True,1
3,2,0.6,E,1913.2532834937924,3.1865518452216772,1916.8973474016132,0.001904642704266688,0.001904642704266688,True,2
3,2,1.0,A,1913.2532834937924,3.1865518452216772,2008.7362905018906,0.049906098597534684,0.049906098597534684,True,1
3,2,1.0,B,1913.2532834937924,3.1865518452216772,1943.540141520493,0.015830030601799785,0.015830030601799785,True,1
3,2,1.0,C,1913.2532834937924,3.1865518452216772,1925.9002525502563,0.0066101906974748255,0.0066101906974748255,True,1
3,2,1.0,E,1913.2532834937924,3.1865518452216772,1919.324253637524,0.0031731136677551276,0.0031731136677551276,True,2
3,5,0.0,A,4783.133208734481,3.1865518452216772,4783.133208734482,1.90146220496661e-16,1.90146220496661e-16,True,1
3,5,0.0,B,4783.133208734481,3.1865518452216772,4783.133208734482,1.90146220496661e-16,1.90146220496661e-16,True,1
3,5,0.0,C,4783.133208734481,3.1865518452216772,4783.133208734482,1.90146220496661e-16,1.90146220496661e-16,True,1
3,5,0.0,E,4783.133208734481,3.1865518452216772,4783.133208734462,-3.993070630429881e-15,3.993070630429881e-15,True,1
3,5,0.6,A,4783.133208734481,3.1865518452216772,4840.42301293934,0.011977463663408372,0.011977463663408372,True,1
3,5,0.6,B,4783.133208734481,3.1865518452216772,4801.305323550501,0.0037992073444319584,0.0037992073444319584,True,1
3,5,0.6,C,4783.133208734481,3.1865518452216772,4790.721390168359,0.0015864457673939296,0.0015864457673939296,True,1
3,5,0.6,E,4783.133208734481,3.1865518452216772,4786.778570593257,0.0007621284416916927,0.0007621284416916927,True,4
3,5,1.0,A,4783.133208734481,3.1865518452216772,4878.616215742579,0.019962439439013827,0.019962439439013827,True,1
3,5,1.0,B,4783.133208734481,3.1865518452216772,4813.420066761181,0.006332012240719867,0.006332012240719867,True,1
3,5,1.0,C,4783.133208734481,3.1865518452216772,4795.780177790944,0.002644076278989883,0.002644076278989883,True,1
3,5,1.0,E,4783.133208734481,3.1865518452216772,4789.207857516398,0.0012700145525581497,0.0012700145525581497,True,2
3,10,0.0,A,9566.266417468962,3.1865518452216772,9566.266417468963,1.90146220496661e-16,1.90146220496661e-16,True,1
3,10,0.0,B,9566.266417468962,3.1865518452216772,9566.266417468963,1.90146220496661e-16,1.90146220496661e-16,True,1
3,10,0.0,C,9566.266417468962,3.1865518452216772,9566.266417468963,1.90146220496661e-16,1.90146220496661e-16,True,1
3,10,0.0,E,9566.266417468962,3.1865518452216772,9566.266417468923,-3.993070630429881e-15,3.993070630429881e-15,True,1
3,10,0.6,A,9566.266417468962,3.1865518452216772,9623.556221673818,0.005988731831703901,0.005988731831703901,True,1
3,10,0.6,B,9566.266417468962,3.1865518452216772,9584.43853228498,0.001899603672215694,0.001899603672215694,True,1
3,10,0.6,C,9566.266417468962,3.1865518452216772,9573.854598902837,0.0007932228836966796,0.0007932228836966796,True,1
3,10,0.6,E,9566.266417468962,3.1865518452216772,9569.912204303248,0.00038110864523157413,0.00038110864523157413,True,4
3,10,1.0,A,9566.266417468962,3.1865518452216772,9661.74942447706,0.009981219719507009,0.009981219719507009,True,1
3,10,1.0,B,9566.266417468962,3.1865518452216772,9596.553275495662,0.0031660061203599337,0.0031660061203599337,True,1
3,10,1.0,C,9566.266417468962,3.1865518452216772,9578.913386525426,0.0013220381394950364,0.0013220381394950364,True,1
3,10,1.0,E,9566.266417468962,3.1865518452216772,9572.342257382754,0.0006351317900468524,0.0006351317900468524,True,4
3,20,0.0,A,19132.532834937923,3.1865518452216772,19132.532834937927,1.90146220496661e-16,1.90146220496661e-16,True,1
3,20,0.0,B,19132.532834937923,3.1865518452216772,19132.532834937927,1.90146220496661e-16,1.90146220496661e-16,True,1
3,20,0.0,C,19132.532834937923,3.1865518452216772,19132.532834937927,1.90146220496661e-16,1.90146220496661e-16,True,1
3,20,0.0,E,19132.532834937923,3.1865518452216772,19132.532834937847,-3.993070630429881e-15,3.993070630429881e-15,True,1
3,20,0.6,A,19132.532834937923,3.1865518452216772,19189.82263914278,0.0029943659158520454,0.0029943659158520454,True,1
3,20,0.6,B,19132.532834937923,3.1865518452216772,19150.704949753945,0.0009498018361080372,0.0009498018361080372,True,1
3,20,0.6,C,19132.532834937923,3.1865518452216772,19140.121016371802,0.00039661144184852993,0.00039661144184852993,True,1
3,20,0.6,E,19132.532834937923,3.1865518452216772,19136.17883286304,0.00019056535569916022,0.00019056535569916022,True,4
3,20,1.0,A,19132.532834937923,3.1865518452216772,19228.01584194602,0.004990609859753409,0.004990609859753409,True,1
3,20,1.0,B,19132.532834937923,3.1865518452216772,19162.819692964622,0.0015830030601798719,0.0015830030601798719,True,1
3,20,1.0,C,19132.532834937923,3.1865518452216772,19145.179803994386,0.0006610190697474231,0.0006610190697474231,True,1
3,20,1.0,E,19132.532834937923,3.1865518452216772,19138.60926377298,0.0003175966761683615,0.0003175966761683615,True,4
