kappa_ref_target,C,workflow_id,n_total,n_valid,n_invalid,n_vulnerable_tau_0_5,vulnerability_rate_tau_0_5,median_absolute_error,q25_absolute_error,q75_absolute_error,median_signed_error,median_realized_kappa,q25_realized_kappa,q75_realized_kappa,median_runtime_sec,p95_runtime_sec,failure_counts_json
1.0,0.0,A,300,300,0,31,0.10333333333333333,0.04751030750940463,0.021488251831055995,0.1403548356162943,0.006123922246018659,7.0237182366122894,2.1801600955775022,14.598558110194471,0.00023589999182149768,0.00033076495456043644,"{""VALID_GOOD"": 269, ""VALID_POOR"": 31}"
1.0,0.0,B,300,300,0,36,0.12,0.059322578919693815,0.023014173698361253,0.18216575335069307,0.005013240773337124,7.0237182366122894,2.1801600955775022,14.598558110194471,0.0029995999939274043,0.0038797300250735136,"{""VALID_GOOD"": 264, ""VALID_POOR"": 36}"
1.0,0.0,C,300,300,0,108,0.36,0.2554069602377286,0.10792637924845694,0.8221759279324233,-0.0015275893135329786,7.0237182366122894,2.1801600955775022,14.598558110194471,0.017928099987329915,0.02149687003693543,"{""VALID_GOOD"": 192, ""VALID_POOR"": 108}"
1.0,0.0,D,300,300,0,37,0.12333333333333334,0.05960198433624751,0.02326140648070883,0.16543807070692576,-0.0010635554022265428,7.0237182366122894,2.1801600955775022,14.598558110194471,0.0006899000145494938,0.0010335500061046333,"{""VALID_GOOD"": 263, ""VALID_POOR"": 37}"
1.0,0.0,E,300,300,0,13,0.043333333333333335,0.012250469280292081,0.005114855698888698,0.041903120238667886,0.0008971647482661597,7.0237182366122894,2.1801600955775022,14.598558110194471,0.008062650013016537,0.016076600016094747,"{""VALID_GOOD"": 287, ""VALID_POOR"": 13}"
1.0,0.6,A,300,300,0,40,0.13333333333333333,0.07216187847683148,0.03526574118009139,0.25023082454751805,0.06473684256626078,7.0237182366122894,2.1801600955775022,14.598558110194471,0.00024050002684816718,0.0003652999876067043,"{""VALID_GOOD"": 260, ""VALID_POOR"": 40}"
1.0,0.6,B,300,300,0,41,0.13666666666666666,0.06207668023773488,0.025881750372283654,0.19914154142588764,0.038437833027201995,7.0237182366122894,2.1801600955775022,14.598558110194471,0.0030742500093765557,0.003970205018413254,"{""VALID_GOOD"": 259, ""VALID_POOR"": 41}"
1.0,0.6,C,300,300,0,103,0.3433333333333333,0.2649828821974763,0.11080284528066886,0.8080844862654001,0.016341173234869104,7.0237182366122894,2.1801600955775022,14.598558110194471,0.018291550019057468,0.024433029990177605,"{""VALID_GOOD"": 197, ""VALID_POOR"": 103}"
1.0,0.6,D,300,300,0,37,0.12333333333333334,0.05746136098660663,0.029004131105899132,0.1803195055289069,0.03668555760916163,7.0237182366122894,2.1801600955775022,14.598558110194471,0.000735950015950948,0.0010188150103203953,"{""VALID_GOOD"": 263, ""VALID_POOR"": 37}"
1.0,0.6,E,300,300,0,17,0.056666666666666664,0.01376259348562137,0.005416028008224257,0.04889161148727144,0.006998618201529789,7.0237182366122894,2.1801600955775022,14.598558110194471,0.008383300009882078,0.014833715028362351,"{""VALID_GOOD"": 283, ""VALID_POOR"": 17}"
1.0,1.0,A,300,300,0,58,0.19333333333333333,0.11763336370136035,0.05761446739208752,0.3483485896509418,0.11435029599401433,7.0237182366122894,2.1801600955775022,14.598558110194471,0.00023849998251534998,0.00036695499729830775,"{""VALID_GOOD"": 242, ""VALID_POOR"": 58}"
1.0,1.0,B,300,300,0,43,0.14333333333333334,0.07027803926655876,0.029199970972979838,0.21415298097382762,0.05910043436417557,7.0237182366122894,2.1801600955775022,14.598558110194471,0.0029972000047564507,0.003983224998228252,"{""VALID_GOOD"": 257, ""VALID_POOR"": 43}"
1.0,1.0,C,300,300,0,108,0.36,0.286298135844128,0.12793325256959076,0.7681519003243352,0.046851930695396005,7.0237182366122894,2.1801600955775022,14.598558110194471,0.018003899982431903,0.021860690001631163,"{""VALID_GOOD"": 192, ""VALID_POOR"": 108}"
1.0,1.0,D,300,300,0,42,0.14,0.0666915773142999,0.027827699992030046,0.23599401437153603,0.05503387621271976,7.0237182366122894,2.1801600955775022,14.598558110194471,0.0007345500052906573,0.0009976950153941294,"{""VALID_GOOD"": 258, ""VALID_POOR"": 42}"
1.0,1.0,E,300,300,0,19,0.06333333333333334,0.014838537973089717,0.0068415511831109235,0.056237932601827606,0.011432675339731236,7.0237182366122894,2.1801600955775022,14.598558110194471,0.008455150004010648,0.014281240035779776,"{""VALID_GOOD"": 281, ""VALID_POOR"": 19}"
2.0,0.0,A,300,300,0,19,0.06333333333333334,0.023923253051982386,0.010713770630760414,0.06885647751053238,0.003066634865012123,14.047436473224579,4.3603201911550045,29.197116220388942,0.00023564998991787434,0.0003037249844055623,"{""VALID_GOOD"": 281, ""VALID_POOR"": 19}"
2.0,0.0,B,300,300,0,19,0.06333333333333334,0.029208045993523633,0.011562423933966134,0.08949863135887516,0.0025097953273562667,14.047436473224579,4.3603201911550045,29.197116220388942,0.002999949996592477,0.003572680018260144,"{""VALID_GOOD"": 281, ""VALID_POOR"": 19}"
2.0,0.0,C,300,300,0,62,0.20666666666666667,0.12454408403516094,0.05345815131086899,0.4023482945724889,0.001471676205408288,14.047436473224579,4.3603201911550045,29.197116220388942,0.017640350008150563,0.019927449987153522,"{""VALID_GOOD"": 238, ""VALID_POOR"": 62}"
2.0,0.0,D,300,300,0,24,0.08,0.03007265456621772,0.012334625954372016,0.0833872930442985,-0.001387993737078332,14.047436473224579,4.3603201911550045,29.197116220388942,0.0007274500094354153,0.000889460020698607,"{""VALID_GOOD"": 276, ""VALID_POOR"": 24}"
2.0,0.0,E,300,300,0,5,0.016666666666666666,0.005963148539836405,0.0024514712433131927,0.02181828454854905,-0.00017921099392920737,14.047436473224579,4.3603201911550045,29.197116220388942,0.008212449989514425,0.011889234991394916,"{""VALID_GOOD"": 295, ""VALID_POOR"": 5}"
2.0,0.6,A,300,300,0,18,0.06,0.0367090827257962,0.017785632629955875,0.130116552931447,0.032875733401745086,14.047436473224579,4.3603201911550045,29.197116220388942,0.0002373000024817884,0.0003269100416218862,"{""VALID_GOOD"": 282, ""VALID_POOR"": 18}"
2.0,0.6,B,300,300,0,18,0.06,0.03129387717534082,0.013023537525192162,0.10180560741821551,0.01940010340777528,14.047436473224579,4.3603201911550045,29.197116220388942,0.003000349970534444,0.003658239968353883,"{""VALID_GOOD"": 282, ""VALID_POOR"": 18}"
2.0,0.6,C,300,300,0,62,0.20666666666666667,0.13034459475600868,0.05411459706528256,0.38349162206163917,0.010238861810933406,14.047436473224579,4.3603201911550045,29.197116220388942,0.017876099998829886,0.020651059958618136,"{""VALID_GOOD"": 238, ""VALID_POOR"": 62}"
2.0,0.6,D,300,300,0,22,0.07333333333333333,0.028827543183698245,0.014296001634701523,0.0908737200005714,0.017692678353340784,14.047436473224579,4.3603201911550045,29.197116220388942,0.000731500011170283,0.0009412600076757372,"{""VALID_GOOD"": 278, ""VALID_POOR"": 22}"
2.0,0.6,E,300,300,0,9,0.03,0.006585476697889634,0.002772042133267129,0.023961398014668064,0.0032324722892562354,14.047436473224579,4.3603201911550045,29.197116220388942,0.008466649975162,0.011630589986452838,"{""VALID_GOOD"": 291, ""VALID_POOR"": 9}"
2.0,1.0,A,300,300,0,35,0.11666666666666667,0.060449040942729015,0.029210510802756662,0.18204245929639198,0.058720136598815566,14.047436473224579,4.3603201911550045,29.197116220388942,0.0002416500065010041,0.00037365499010775247,"{""VALID_GOOD"": 265, ""VALID_POOR"": 35}"
2.0,1.0,B,300,300,0,22,0.07333333333333333,0.03567682507170297,0.014658894062750054,0.1122433705824561,0.029974206156905325,14.047436473224579,4.3603201911550045,29.197116220388942,0.0029972500051371753,0.004013204987859354,"{""VALID_GOOD"": 278, ""VALID_POOR"": 22}"
2.0,1.0,C,300,300,0,58,0.19333333333333333,0.1368766800592221,0.06442476400199781,0.36269230801345675,0.026220334902923147,14.047436473224579,4.3603201911550045,29.197116220388942,0.018075200001476333,0.02255901499593166,"{""VALID_GOOD"": 242, ""VALID_POOR"": 58}"
2.0,1.0,D,300,300,0,24,0.08,0.0336265308302824,0.013744122100494962,0.1175492562875615,0.026683680469452294,14.047436473224579,4.3603201911550045,29.197116220388942,0.0007399499882012606,0.0010143699793843553,"{""VALID_GOOD"": 276, ""VALID_POOR"": 24}"
2.0,1.0,E,300,300,0,11,0.03666666666666667,0.007510767135891449,0.0034574371845623973,0.026286192004627767,0.005387594870305969,14.047436473224579,4.3603201911550045,29.197116220388942,0.008608899981481954,0.013175204972503712,"{""VALID_GOOD"": 289, ""VALID_POOR"": 11}"
5.0,0.0,A,300,300,0,8,0.02666666666666667,0.00963732668955322,0.004278462881383569,0.027778628354054983,0.0012277811358262054,35.11859118306145,10.900800477887513,72.99279055097236,0.0002374500036239624,0.0003223299514502287,"{""VALID_GOOD"": 292, ""VALID_POOR"": 8}"
5.0,0.0,B,300,300,0,9,0.03,0.011665016148257908,0.004640938364575355,0.035287678142009,0.0010046832503388039,35.11859118306145,10.900800477887513,72.99279055097236,0.0030064500169828534,0.0037122499721590433,"{""VALID_GOOD"": 291, ""VALID_POOR"": 9}"
5.0,0.0,C,300,300,0,30,0.1,0.04850297637285993,0.021034004081937098,0.14153147934625618,-0.0030617810760238608,35.11859118306145,10.900800477887513,72.99279055097236,0.0178961000056006,0.02014194998482708,"{""VALID_GOOD"": 270, ""VALID_POOR"": 30}"
5.0,0.0,D,300,300,0,10,0.03333333333333333,0.01260529680962379,0.005123475029936965,0.0335453447106267,-0.0017469650684008389,35.11859118306145,10.900800477887513,72.99279055097236,0.0007334999972954392,0.0009278350189561025,"{""VALID_GOOD"": 290, ""VALID_POOR"": 10}"
5.0,0.0,E,300,300,0,1,0.0033333333333333335,0.0024421273511400234,0.0010211490395507848,0.00880763768553448,-0.00026267090088347237,35.11859118306145,10.900800477887513,72.99279055097236,0.008847749995766208,0.01111971003119834,"{""VALID_GOOD"": 299, ""VALID_POOR"": 1}"
5.0,0.6,A,300,300,0,9,0.03,0.014843010451222906,0.007151945732585296,0.05397603888299799,0.013278300647560358,35.11859118306145,10.900800477887513,72.99279055097236,0.00023910001618787646,0.000304205040447414,"{""VALID_GOOD"": 291, ""VALID_POOR"": 9}"
5.0,0.6,B,300,300,0,10,0.03333333333333333,0.012566234863384224,0.005229663414461835,0.04191661793839547,0.007804856818002231,35.11859118306145,10.900800477887513,72.99279055097236,0.0030617000011261553,0.003748090018052608,"{""VALID_GOOD"": 290, ""VALID_POOR"": 10}"
5.0,0.6,C,300,300,0,33,0.11,0.05170506564279169,0.023004361559050647,0.14269608758235203,0.0012098173990971548,35.11859118306145,10.900800477887513,72.99279055097236,0.01795204999507405,0.020024939975701275,"{""VALID_GOOD"": 267, ""VALID_POOR"": 33}"
5.0,0.6,D,300,300,0,9,0.03,0.011258836453856842,0.005232599897870204,0.03564987023264336,0.00558442076374787,35.11859118306145,10.900800477887513,72.99279055097236,0.0007348500075750053,0.0009127200115472081,"{""VALID_GOOD"": 291, ""VALID_POOR"": 9}"
5.0,0.6,E,300,300,0,2,0.006666666666666667,0.0026590120253185364,0.0011464054243951263,0.010319285188014208,0.0012139066899298008,35.11859118306145,10.900800477887513,72.99279055097236,0.008817599999019876,0.011048725008731707,"{""VALID_GOOD"": 298, ""VALID_POOR"": 2}"
5.0,1.0,A,300,300,0,14,0.04666666666666667,0.024607665181124703,0.011785419467152574,0.07651820530628017,0.02389225089656131,35.11859118306145,10.900800477887513,72.99279055097236,0.00024449999909847975,0.0003326850273879245,"{""VALID_GOOD"": 286, ""VALID_POOR"": 14}"
5.0,1.0,B,300,300,0,9,0.03,0.014421310364186986,0.005878289129471528,0.04634346143710556,0.012096213915343108,35.11859118306145,10.900800477887513,72.99279055097236,0.0031432499818038195,0.0042350299976533275,"{""VALID_GOOD"": 291, ""VALID_POOR"": 9}"
5.0,1.0,C,300,300,0,28,0.09333333333333334,0.057473480357324344,0.023775203378983076,0.14335725435243074,0.010382558113475944,35.11859118306145,10.900800477887513,72.99279055097236,0.018042499985313043,0.02274837500008289,"{""VALID_GOOD"": 272, ""VALID_POOR"": 28}"
5.0,1.0,D,300,300,0,10,0.03333333333333333,0.013268238450470912,0.005350362857100661,0.04599542723339921,0.009369308597815039,35.11859118306145,10.900800477887513,72.99279055097236,0.0007492000004276633,0.0010024650051491336,"{""VALID_GOOD"": 290, ""VALID_POOR"": 10}"
5.0,1.0,E,300,300,0,3,0.01,0.0030129019249709277,0.001389499550254568,0.010238094152137407,0.0020913766607580046,35.11859118306145,10.900800477887513,72.99279055097236,0.008950999996159226,0.012216554995393382,"{""VALID_GOOD"": 297, ""VALID_POOR"": 3}"
10.0,0.0,A,300,300,0,2,0.006666666666666667,0.0048302173775701274,0.0021380769439933783,0.013932744494939479,0.0006140788936837465,70.2371823661229,21.801600955775026,145.98558110194472,0.0002425500424578786,0.0003499749844195323,"{""VALID_GOOD"": 298, ""VALID_POOR"": 2}"
10.0,0.0,B,300,300,0,3,0.01,0.005840308588616732,0.0023231552371007647,0.017532980119458925,0.0005024694077348219,70.2371823661229,21.801600955775026,145.98558110194472,0.0031393999815918505,0.0041233900148654355,"{""VALID_GOOD"": 297, ""VALID_POOR"": 3}"
10.0,0.0,C,300,300,0,22,0.07333333333333333,0.025986557651766044,0.010053671618773428,0.07155332953558576,-0.0032579274401841906,70.2371823661229,21.801600955775026,145.98558110194472,0.018232650007121265,0.023335740008042196,"{""VALID_GOOD"": 278, ""VALID_POOR"": 22}"
10.0,0.0,D,300,300,0,3,0.01,0.006406823508305653,0.0021483356723011313,0.017127710063370168,-0.0016718453131608912,70.2371823661229,21.801600955775026,145.98558110194472,0.0007473000150639564,0.001009665001765825,"{""VALID_GOOD"": 297, ""VALID_POOR"": 3}"
10.0,0.0,E,300,300,0,0,0.0,0.0012429479183525248,0.0005278460620179253,0.004469633490782015,-0.00015507395406574664,70.2371823661229,21.801600955775026,145.98558110194472,0.009296299976995215,0.01172378498595208,"{""VALID_GOOD"": 300}"
10.0,0.6,A,300,300,0,4,0.013333333333333334,0.007448845461717098,0.0035823442129437996,0.027342576621290263,0.006661044088679926,70.2371823661229,21.801600955775026,145.98558110194472,0.00024465000024065375,0.00035840504860971126,"{""VALID_GOOD"": 296, ""VALID_POOR"": 4}"
10.0,0.6,B,300,300,0,3,0.01,0.006302733032548633,0.002618241557726785,0.02117340319435917,0.003910013348370307,70.2371823661229,21.801600955775026,145.98558110194472,0.003169600007822737,0.00414224497799296,"{""VALID_GOOD"": 297, ""VALID_POOR"": 3}"
10.0,0.6,C,300,300,0,18,0.06,0.026547314840259725,0.010857368121255616,0.07587555564831444,-7.74548381116519e-05,70.2371823661229,21.801600955775026,145.98558110194472,0.01826250003068708,0.02348948002036196,"{""VALID_GOOD"": 282, ""VALID_POOR"": 18}"
10.0,0.6,D,300,300,0,2,0.006666666666666667,0.0052986088115176775,0.002253010639391905,0.01698341489054394,0.0017252055651603153,70.2371823661229,21.801600955775026,145.98558110194472,0.0007516499899793416,0.0010598349792417141,"{""VALID_GOOD"": 298, ""VALID_POOR"": 2}"
10.0,0.6,E,300,300,0,0,0.0,0.001329275450507779,0.0005528573068600449,0.005218959143136934,0.0005866592642861763,70.2371823661229,21.801600955775026,145.98558110194472,0.00923844997305423,0.013079295004718007,"{""VALID_GOOD"": 300}"
10.0,1.0,A,300,300,0,7,0.023333333333333334,0.012378602008982938,0.005909972042109801,0.0389639502134311,0.012016636532332207,70.2371823661229,21.801600955775026,145.98558110194472,0.00024074999964796007,0.0003019699710421265,"{""VALID_GOOD"": 293, ""VALID_POOR"": 7}"
10.0,1.0,B,300,300,0,3,0.01,0.007217082291497024,0.0029416502775741443,0.023434131137271375,0.006066286645801148,70.2371823661229,21.801600955775026,145.98558110194472,0.0030824499554000795,0.003690964984707535,"{""VALID_GOOD"": 297, ""VALID_POOR"": 3}"
10.0,1.0,C,300,300,0,22,0.07333333333333333,0.027476882815059292,0.010865799520947805,0.07092898558306727,0.003611788745492428,70.2371823661229,21.801600955775026,145.98558110194472,0.017883499967865646,0.019806410049204717,"{""VALID_GOOD"": 278, ""VALID_POOR"": 22}"
10.0,1.0,D,300,300,0,3,0.01,0.006084867173465507,0.002547060467952529,0.022971869468128733,0.003460929891514547,70.2371823661229,21.801600955775026,145.98558110194472,0.0007419500034302473,0.0009826200286624954,"{""VALID_GOOD"": 297, ""VALID_POOR"": 3}"
10.0,1.0,E,300,300,0,0,0.0,0.0014803588439877978,0.00068960815149067,0.005190898729154776,0.000995328831401878,70.2371823661229,21.801600955775026,145.98558110194472,0.009224050008924678,0.010868104995461182,"{""VALID_GOOD"": 300}"
20.0,0.0,A,300,300,0,0,0.0,0.0024180180372882195,0.00106875168615077,0.0069775784230156485,0.0003070865716336857,140.4743647322458,43.60320191155005,291.97116220388943,0.0002466000150889158,0.0003871000313665719,"{""VALID_GOOD"": 300}"
20.0,0.0,B,300,300,0,0,0.0,0.0029201532906993352,0.0011622514675606365,0.008735625486034872,0.0002512666742055305,140.4743647322458,43.60320191155005,291.97116220388943,0.0032121000112965703,0.004265129991108552,"{""VALID_GOOD"": 300}"
20.0,0.0,C,300,300,0,10,0.03333333333333333,0.012499993529470116,0.005689637240478504,0.03396382974370535,-0.004143056849218403,140.4743647322458,43.60320191155005,291.97116220388943,0.018414299964206293,0.02445552499266342,"{""VALID_GOOD"": 290, ""VALID_POOR"": 10}"
20.0,0.0,D,300,300,0,0,0.0,0.003803696097811995,0.0014149403984492766,0.00953985480537319,-0.0015882828181104753,140.4743647322458,43.60320191155005,291.97116220388943,0.0007558500219602138,0.001115209987619892,"{""VALID_GOOD"": 300}"
20.0,0.0,E,300,300,0,0,0.0,0.0006176771088041309,0.0002682656546714656,0.002144300596739546,-7.779558778970289e-05,140.4743647322458,43.60320191155005,291.97116220388943,0.00979425001423806,0.012497485047788361,"{""VALID_GOOD"": 300}"
20.0,0.6,A,300,300,0,1,0.0033333333333333335,0.003731333689471668,0.0017927734765138025,0.01376347906370403,0.003336049858617812,140.4743647322458,43.60320191155005,291.97116220388943,0.00024280001525767148,0.0003638149704784158,"{""VALID_GOOD"": 299, ""VALID_POOR"": 1}"
20.0,0.6,B,300,300,0,1,0.0033333333333333335,0.0031563165259135637,0.0013099765819664963,0.010642152149813653,0.0019569139928873225,140.4743647322458,43.60320191155005,291.97116220388943,0.0031577500340063125,0.004007414993247949,"{""VALID_GOOD"": 299, ""VALID_POOR"": 1}"
20.0,0.6,C,300,300,0,13,0.043333333333333335,0.012384894582515512,0.005647980071401112,0.03878061821926633,-0.0007969983019373395,140.4743647322458,43.60320191155005,291.97116220388943,0.018181150022428483,0.021802740023122172,"{""VALID_GOOD"": 287, ""VALID_POOR"": 13}"
20.0,0.6,D,300,300,0,1,0.0033333333333333335,0.003248950217922566,0.0010013692008307596,0.00818146872678413,-0.00025818267764579053,140.4743647322458,43.60320191155005,291.97116220388943,0.0007449000258930027,0.0009102450043428689,"{""VALID_GOOD"": 299, ""VALID_POOR"": 1}"
20.0,0.6,E,300,300,0,0,0.0,0.0006540421281507568,0.00028917535059261995,0.0026588039403858356,0.00029399130471481193,140.4743647322458,43.60320191155005,291.97116220388943,0.009736449981573969,0.01147399997280445,"{""VALID_GOOD"": 300}"
20.0,1.0,A,300,300,0,1,0.0033333333333333335,0.00620833673302968,0.0029593396686339274,0.019668155427848517,0.0060262604921833395,140.4743647322458,43.60320191155005,291.97116220388943,0.0002450500032864511,0.000308830020367168,"{""VALID_GOOD"": 299, ""VALID_POOR"": 1}"
20.0,1.0,B,300,300,0,1,0.0033333333333333335,0.003608535024017017,0.001471456348086517,0.011784926474907295,0.0030377293832455285,140.4743647322458,43.60320191155005,291.97116220388943,0.0031349000055342913,0.003725295010372065,"{""VALID_GOOD"": 299, ""VALID_POOR"": 1}"
20.0,1.0,C,300,300,0,12,0.04,0.01398670991674875,0.006134061044113194,0.03448532842110317,0.00047536135951605114,140.4743647322458,43.60320191155005,291.97116220388943,0.0179982999979984,0.019661554996855554,"{""VALID_GOOD"": 288, ""VALID_POOR"": 12}"
20.0,1.0,D,300,300,0,1,0.0033333333333333335,0.0028496483300272865,0.0011691939887205297,0.01046787326623424,0.0007873903997820822,140.4743647322458,43.60320191155005,291.97116220388943,0.0007537500059697777,0.0009418850007932636,"{""VALID_GOOD"": 299, ""VALID_POOR"": 1}"
20.0,1.0,E,300,300,0,0,0.0,0.00073867250092831,0.0003455431347901469,0.002681962357673214,0.0005012302425607051,140.4743647322458,43.60320191155005,291.97116220388943,0.009593349997885525,0.011013814981561154,"{""VALID_GOOD"": 300}"
