C,workflow_id,kappa_low,kappa_high,median_paired_diff_abs,ci_lo,ci_hi,n_positive,n_negative,n_zero
0.0,A,1.0,2.0,-0.0214701808408553,-0.02719214235570765,-0.0176637939669865,0,291,9
0.0,A,2.0,5.0,-0.01400370343572535,-0.017211361465304997,-0.01149609853407,0,297,3
0.0,A,5.0,10.0,-0.00480710931198305,-0.0060275160106045,-0.004029336829216986,0,300,0
0.0,A,10.0,20.0,-0.0024121993402818997,-0.0030306274684738003,-0.0020005866349966043,0,300,0
0.0,B,1.0,2.0,-0.02763290190405695,-0.0316025328479657,-0.02011761354586515,0,291,9
0.0,B,2.0,5.0,-0.017068752499371148,-0.02010739268943175,-0.0135557547415071,0,295,5
0.0,B,5.0,10.0,-0.005827995535746351,-0.0071985664936824,-0.005006014838296,0,300,0
0.0,B,10.0,20.0,-0.00292015529791745,-0.0035797816154883996,-0.0024697657142862,0,300,0
0.0,C,1.0,2.0,-0.0957040495391516,-0.11220926804272136,-0.08072603266018111,13,259,28
0.0,C,2.0,5.0,-0.0582624518478982,-0.07494392793369509,-0.04813169434374265,14,271,15
0.0,C,5.0,10.0,-0.02115504638282195,-0.025576857981158448,-0.0180169396871079,24,266,10
0.0,C,10.0,20.0,-0.012119384282961849,-0.01573404304487997,-0.009710559815496001,37,259,4
0.0,D,1.0,2.0,-0.0251104438563299,-0.031738687388127844,-0.0205144373061854,4,284,12
0.0,D,2.0,5.0,-0.016815880357163148,-0.021477679900623,-0.014352419775440899,9,289,2
0.0,D,5.0,10.0,-0.005799422882942801,-0.00720487799867215,-0.004927579504110832,17,283,0
0.0,D,10.0,20.0,-0.0030702485186435,-0.0037131796686762997,-0.0023008427802077005,39,261,0
0.0,E,1.0,2.0,-0.0059192776307072995,-0.00696185923278325,-0.005089493893140699,13,287,0
0.0,E,2.0,5.0,-0.0034823397680689,-0.00429841484217445,-0.0029313440943566998,14,286,0
0.0,E,5.0,10.0,-0.0011872632897054,-0.0014921067245956998,-0.0010209643165865999,7,293,0
0.0,E,10.0,20.0,-0.0006102006951199499,-0.0007828121088728,-0.0005316882341691814,1,299,0
0.6,A,1.0,2.0,-0.03491568136949255,-0.0433847480218221,-0.03064714441304213,0,299,1
0.6,A,2.0,5.0,-0.021866072274573302,-0.0277492164885163,-0.018823326812371803,0,300,0
0.6,A,5.0,10.0,-0.007394164989505799,-0.0092336527006585,-0.006344138014682183,0,300,0
0.6,A,10.0,20.0,-0.0037175117722454,-0.0046486498482894,-0.0031811618205474005,0,300,0
0.6,B,1.0,2.0,-0.03002669265590765,-0.03571958039614229,-0.0260268881342496,0,296,4
0.6,B,2.0,5.0,-0.0185622452935279,-0.02245178146227455,-0.016127301376810767,0,299,1
0.6,B,5.0,10.0,-0.006263501830835599,-0.007660646575530051,-0.0055398335812959,0,300,0
0.6,B,10.0,20.0,-0.0031464165066351,-0.00385224617201465,-0.0027836950313199454,0,300,0
0.6,C,1.0,2.0,-0.09247524948370717,-0.11269489509737765,-0.0758473682442137,17,257,26
0.6,C,2.0,5.0,-0.06618850304943105,-0.08109972220494475,-0.05723310230558832,15,271,14
0.6,C,5.0,10.0,-0.02295351074894455,-0.0284975039905939,-0.020057589886216597,31,261,8
0.6,C,10.0,20.0,-0.012727776489056201,-0.015407914937761297,-0.009213803205731197,36,260,4
0.6,D,1.0,2.0,-0.0279775339319596,-0.03283126263310655,-0.0258768541705816,4,291,5
0.6,D,2.0,5.0,-0.01786771783670825,-0.020938171029387796,-0.015982705461191953,8,292,0
0.6,D,5.0,10.0,-0.0062112278148618,-0.007271152349202,-0.005347606209574205,24,276,0
0.6,D,10.0,20.0,-0.0029779162804296497,-0.00378408935629898,-0.00241384636915405,44,256,0
0.6,E,1.0,2.0,-0.00597208188291875,-0.007626657389547542,-0.005001625628913551,10,290,0
0.6,E,2.0,5.0,-0.0037983803738254503,-0.004604337057278999,-0.003069672049421,5,295,0
0.6,E,5.0,10.0,-0.0013234741386875001,-0.0015419809277357499,-0.0011118390455878999,4,296,0
0.6,E,10.0,20.0,-0.0006660775467650999,-0.0007851277621087001,-0.0005541041509684499,2,298,0
1.0,A,1.0,2.0,-0.0571843227586313,-0.0720115182606963,-0.046677117660523855,0,300,0
1.0,A,2.0,5.0,-0.03584137576160436,-0.0456170427475996,-0.0290312347390574,0,300,0
1.0,A,5.0,10.0,-0.012229063172141749,-0.015669880731231194,-0.009890288460881,0,300,0
1.0,A,10.0,20.0,-0.00617026527595325,-0.007930722451176899,-0.0049675476843329,0,300,0
1.0,B,1.0,2.0,-0.034168149370543105,-0.04052640659204088,-0.029220287865204954,0,297,3
1.0,B,2.0,5.0,-0.021255514707516,-0.027132125775722698,-0.0182238788682931,0,300,0
1.0,B,5.0,10.0,-0.00718484480460185,-0.009095369999761151,-0.0061479720687004,0,300,0
1.0,B,10.0,20.0,-0.0036085472674800495,-0.004541367782925382,-0.00311442261250965,0,300,0
1.0,C,1.0,2.0,-0.11056359114065945,-0.1394933239642887,-0.09367117754903727,14,265,21
1.0,C,2.0,5.0,-0.07210640073541791,-0.0888876289303774,-0.06074896740318989,18,270,12
1.0,C,5.0,10.0,-0.029372169171666,-0.03317255378665024,-0.023364990199707603,21,272,7
1.0,C,10.0,20.0,-0.012995111261149895,-0.0169332051835282,-0.0111508497701947,38,260,2
1.0,D,1.0,2.0,-0.0328610755485535,-0.03992818471245285,-0.0295376499683326,5,291,4
1.0,D,2.0,5.0,-0.02072012823975405,-0.026303227963657298,-0.018636301812227703,10,290,0
1.0,D,5.0,10.0,-0.00720776873650175,-0.008845718245722299,-0.0063038060365212725,18,282,0
1.0,D,10.0,20.0,-0.0035246462531269003,-0.0045913833012485,-0.003012427094495,42,258,0
1.0,E,1.0,2.0,-0.0072223661303407495,-0.0088256047483101,-0.0058498123483832,8,292,0
1.0,E,2.0,5.0,-0.00431483955910675,-0.0051484295316304,-0.0035640317716222,7,293,0
1.0,E,5.0,10.0,-0.0014647410530543498,-0.0017318847030551,-0.0012255450564508498,1,299,0
1.0,E,10.0,20.0,-0.00074168634305945,-0.0008838040889649737,-0.00060201665538395,0,300,0
