kappa_ref_target,workflow_id,C_high,C_base,median_paired_diff_abs,ci_lo,ci_hi,n_positive,n_negative,n_zero
1.0,A,0.6,0.0,0.032801898119147854,0.0282911228471453,0.04094997402110415,215,83,2
1.0,A,1.0,0.0,0.0668465014453821,0.055974158666801575,0.07607338825811388,249,51,0
1.0,B,0.6,0.0,0.015556874744194501,0.012608622732601322,0.019033728682065047,190,100,10
1.0,B,1.0,0.0,0.02754721398274935,0.022889988855002,0.03407694956989597,201,94,5
1.0,C,0.6,0.0,0.0,0.0,0.00760606492857141,144,118,38
1.0,C,1.0,0.0,0.014425057651526546,0.0,0.027602111251091792,165,103,32
1.0,D,0.6,0.0,0.011973708818612299,0.006924092297519501,0.015246239015556351,177,112,11
1.0,D,1.0,0.0,0.0242031108607502,0.018634333302094998,0.027943236655890907,200,92,8
1.0,E,0.6,0.0,0.0029367638924026997,0.0025511781497036495,0.00350996163394565,182,118,0
1.0,E,1.0,0.0,0.005298391678712601,0.004641816684452017,0.00697679969143145,198,102,0
2.0,A,0.6,0.0,0.017324003127481398,0.0148886539584068,0.021123228057600897,217,82,1
2.0,A,1.0,0.0,0.03408594179112085,0.027625477511334404,0.03931780353940478,251,49,0
2.0,B,0.6,0.0,0.0078803043156044,0.006394753692307697,0.0096692955809357,191,105,4
2.0,B,1.0,0.0,0.0146322721367204,0.011962348456726583,0.017754237162203555,202,95,3
2.0,C,0.6,0.0,0.0,0.0,0.0075555581010593,148,128,24
2.0,C,1.0,0.0,0.0036134112192107576,0.0,0.011158996891264261,157,123,20
2.0,D,0.6,0.0,0.00594541120007535,0.0026910664297016,0.007676936027842682,171,124,5
2.0,D,1.0,0.0,0.0121190789033588,0.0094647966470327,0.01401276418683085,197,99,4
2.0,E,0.6,0.0,0.0013651669061384502,0.00110660793463155,0.0015691892034646001,176,124,0
2.0,E,1.0,0.0,0.0025997236869428502,0.00225797630507415,0.0034010698141018,193,107,0
5.0,A,0.6,0.0,0.006990522473073049,0.005851364541744899,0.0087821493760688,217,83,0
5.0,A,1.0,0.0,0.01351445960236455,0.011271514189764801,0.0157952302097312,251,49,0
5.0,B,0.6,0.0,0.00316231470306847,0.0025655166598276,0.0038631151633394204,191,108,1
5.0,B,1.0,0.0,0.00593035141307045,0.004828567196432499,0.00722580058752435,204,96,0
5.0,C,0.6,0.0,0.0,-0.0008827885858922998,0.002665039378840536,148,139,13
5.0,C,1.0,0.0,0.0020111057810892306,0.0,0.0054864482720327,157,131,12
5.0,D,0.6,0.0,0.0018218215417772,-0.0016618145473239498,0.0029070801108920996,159,141,0
5.0,D,1.0,0.0,0.0043752682383665,0.0027112291406749998,0.005593589237066397,179,121,0
5.0,E,0.6,0.0,0.00053352447429475,0.00032263753658829996,0.0006214593237903,172,128,0
5.0,E,1.0,0.0,0.00099331542082505,0.0008537757623644387,0.0012313576413139002,189,111,0
10.0,A,0.6,0.0,0.0035056395741068997,0.002991241264713497,0.0044445580555278,217,83,0
10.0,A,1.0,0.0,0.0069937308843863,0.005787727752442804,0.007988516940723915,253,47,0
10.0,B,0.6,0.0,0.0015828698235305755,0.001289640782108655,0.0019137579881096998,191,109,0
10.0,B,1.0,0.0,0.002971691576375636,0.00238301900353575,0.0036270576175907003,204,96,0
10.0,C,0.6,0.0,-3.110390457239831e-05,-0.0010393599280101053,0.000526408692984661,141,151,8
10.0,C,1.0,0.0,0.0,-0.0009734356491506997,0.0021647267888069252,149,144,7
10.0,D,0.6,0.0,-0.00025376031071049993,-0.0011512027638597465,0.0009883636001160874,140,160,0
10.0,D,1.0,0.0,0.0017286557873596002,-0.0002080419032615999,0.0023580796844092497,166,134,0
10.0,E,0.6,0.0,0.00026772226120990003,0.0001504796492532,0.0003068359081753,172,128,0
10.0,E,1.0,0.0,0.00048456598303369975,0.00041705295547090005,0.0005793117895174415,185,115,0
20.0,A,0.6,0.0,0.001755436104202211,0.0014609467230585502,0.0022386238742691,217,83,0
20.0,A,1.0,0.0,0.0035296300474941,0.00293991659490115,0.0041692267149462,256,44,0
20.0,B,0.6,0.0,0.0007918643231442893,0.0006473425238133796,0.0009708501314281487,191,109,0
20.0,B,1.0,0.0,0.0014873161541338106,0.0012140579520903377,0.0018134034161462,204,96,0
20.0,C,0.6,0.0,-2.9881289411256076e-05,-0.00038510687149944994,0.0003472593568422482,145,151,4
20.0,C,1.0,0.0,-2.4240248185998688e-06,-0.0007792297249430119,0.0006688325661589741,148,150,2
20.0,D,0.6,0.0,-0.00071181270635505,-0.0008191859450620695,-0.0006081450812685017,113,187,0
20.0,D,1.0,0.0,-0.0008709217518039923,-0.00111219596158445,-0.00036568835330079994,128,172,0
20.0,E,0.6,0.0,0.00013027516073710002,1.3721443231370195e-05,0.00015016632365580002,168,132,0
20.0,E,1.0,0.0,0.00024098070654505002,0.0002031353242698705,0.00027537853480364696,185,115,0
