kappa_ref_target,C,workflow_id,n,median_abs,median_signed,vuln
1.0,0.0,A,300,0.0475103075094046,0.0061239222460186,0.10333333333333333
1.0,0.0,B,300,0.05932257891969375,0.0050132407733371,0.12
1.0,0.0,C,300,0.2554069602377286,-0.0015275893135329,0.36
1.0,0.0,D,300,0.05960198433624745,-0.0010635554022265,0.12333333333333334
1.0,0.0,E,300,0.012250469280292001,0.0008971647482660999,0.043333333333333335
1.0,0.6,A,300,0.07216187847683145,0.06473684256626075,0.13333333333333333
1.0,0.6,B,300,0.062076680237734855,0.038437833027201954,0.13666666666666666
1.0,0.6,C,300,0.26498288219747623,0.01634117323486905,0.3433333333333333
1.0,0.6,D,300,0.0574613609866066,0.036685557609161604,0.12333333333333334
1.0,0.6,E,300,0.0137625934856213,0.006998618201529749,0.056666666666666664
1.0,1.0,A,300,0.1176333637013603,0.1143502959940143,0.19333333333333333
1.0,1.0,B,300,0.07027803926655875,0.05910043436417555,0.14333333333333334
1.0,1.0,C,300,0.286298135844128,0.04685193069539595,0.36
1.0,1.0,D,300,0.06669157731429985,0.0550338762127197,0.14
1.0,1.0,E,300,0.01483853797308965,0.011432675339731201,0.06333333333333334
2.0,0.0,A,300,0.02392325305198235,0.00306663486501205,0.06333333333333334
2.0,0.0,B,300,0.0292080459935236,0.00250979532735625,0.06333333333333334
2.0,0.0,C,300,0.1245440840351609,0.00147167620540825,0.20666666666666667
2.0,0.0,D,300,0.030072654566217702,-0.0013879937370783,0.08
2.0,0.0,E,300,0.0059631485398364,-0.00017921099392915,0.016666666666666666
2.0,0.6,A,300,0.03670908272579615,0.03287573340174505,0.06
2.0,0.6,B,300,0.0312938771753408,0.01940010340777525,0.06
2.0,0.6,C,300,0.13034459475600862,0.01023886181093335,0.20666666666666667
2.0,0.6,D,300,0.0288275431836982,0.01769267835334075,0.07333333333333333
2.0,0.6,E,300,0.0065854766978896,0.0032324722892562,0.03
2.0,1.0,A,300,0.060449040942729,0.058720136598815545,0.11666666666666667
2.0,1.0,B,300,0.03567682507170295,0.02997420615690525,0.07333333333333333
2.0,1.0,C,300,0.13687668005922204,0.026220334902923102,0.19333333333333333
2.0,1.0,D,300,0.033626530830282345,0.02668368046945225,0.08
2.0,1.0,E,300,0.0075107671358914,0.005387594870305899,0.03666666666666667
5.0,0.0,A,300,0.009637326689553149,0.00122778113582615,0.02666666666666667
5.0,0.0,B,300,0.0116650161482579,0.0010046832503388,0.03
5.0,0.0,C,300,0.0485029763728599,-0.0030617810760237996,0.1
5.0,0.0,D,300,0.012605296809623748,-0.0017469650684008,0.03333333333333333
5.0,0.0,E,300,0.00244212735113995,-0.0002626709008834,0.0033333333333333335
5.0,0.6,A,300,0.01484301045122285,0.013278300647560349,0.03
5.0,0.6,B,300,0.0125662348633842,0.00780485681800215,0.03333333333333333
5.0,0.6,C,300,0.05170506564279165,0.0012098173990971002,0.11
5.0,0.6,D,300,0.0112588364538568,0.005584420763747849,0.03
5.0,0.6,E,300,0.00265901202531845,0.0012139066899297499,0.006666666666666667
5.0,1.0,A,300,0.02460766518112465,0.0238922508965613,0.04666666666666667
5.0,1.0,B,300,0.01442131036418695,0.01209621391534305,0.03
5.0,1.0,C,300,0.0574734803573243,0.01038255811347585,0.09333333333333334
5.0,1.0,D,300,0.01326823845047085,0.009369308597814999,0.03333333333333333
5.0,1.0,E,300,0.0030129019249709,0.00209137666075795,0.01
10.0,0.0,A,300,0.0048302173775701,0.0006140788936837,0.006666666666666667
10.0,0.0,B,300,0.0058403085886166994,0.00050246940773475,0.01
10.0,0.0,C,300,0.025986557651766,-0.0032579274401841503,0.07333333333333333
10.0,0.0,D,300,0.0064068235083056,-0.00167184531316085,0.01
10.0,0.0,E,300,0.0012429479183525,-0.00015507395406570002,0.0
10.0,0.6,A,300,0.00744884546171705,0.00666104408867985,0.013333333333333334
10.0,0.6,B,300,0.006302733032548601,0.00391001334837025,0.01
10.0,0.6,C,300,0.026547314840259698,-7.745483811161172e-05,0.06
10.0,0.6,D,300,0.00529860881151765,0.00172520556516025,0.006666666666666667
10.0,0.6,E,300,0.00132927545050775,0.00058665926428615,0.0
10.0,1.0,A,300,0.0123786020089829,0.0120166365323322,0.023333333333333334
10.0,1.0,B,300,0.007217082291497,0.006066286645801101,0.01
10.0,1.0,C,300,0.02747688281505925,0.0036117887454924,0.07333333333333333
10.0,1.0,D,300,0.00608486717346545,0.0034609298915145,0.01
10.0,1.0,E,300,0.00148035884398775,0.00099532883140185,0.0
20.0,0.0,A,300,0.0024180180372882,0.00030708657163359997,0.0
20.0,0.0,B,300,0.00292015329069925,0.0002512666742055,0.0
20.0,0.0,C,300,0.0124999935294701,-0.00414305684921835,0.03333333333333333
20.0,0.0,D,300,0.00380369609781195,-0.0015882828181104,0.0
20.0,0.0,E,300,0.0006176771088041,-7.779558778970289e-05,0.0
20.0,0.6,A,300,0.00373133368947165,0.00333604985861775,0.0033333333333333335
20.0,0.6,B,300,0.0031563165259135,0.0019569139928873,0.0033333333333333335
20.0,0.6,C,300,0.0123848945825155,-0.0007969983019373,0.043333333333333335
20.0,0.6,D,300,0.0032489502179225,-0.00025818267764575,0.0033333333333333335
20.0,0.6,E,300,0.0006540421281507501,0.00029399130471475,0.0
20.0,1.0,A,300,0.00620833673302965,0.0060262604921833,0.0033333333333333335
20.0,1.0,B,300,0.0036085350240169503,0.00303772938324545,0.0033333333333333335
20.0,1.0,C,300,0.0139867099167487,0.000475361359516,0.04
20.0,1.0,D,300,0.00284964833002725,0.000787390399782,0.0033333333333333335
20.0,1.0,E,300,0.0007386725009283,0.00050123024256065,0.0
