tau,C,workflow_id,lowest_tested_kappa_at_vuln_le_5pct
0.25,0.0,A,10.0
0.25,0.0,B,5.0
0.25,0.0,C,
0.25,0.0,D,10.0
0.25,0.0,E,2.0
0.25,0.6,A,10.0
0.25,0.6,B,10.0
0.25,0.6,C,
0.25,0.6,D,5.0
0.25,0.6,E,2.0
0.25,1.0,A,20.0
0.25,1.0,B,10.0
0.25,1.0,C,
0.25,1.0,D,10.0
0.25,1.0,E,5.0
0.4,0.0,A,5.0
0.4,0.0,B,5.0
0.4,0.0,C,20.0
0.4,0.0,D,5.0
0.4,0.0,E,1.0
0.4,0.6,A,5.0
0.4,0.6,B,5.0
0.4,0.6,C,20.0
0.4,0.6,D,5.0
0.4,0.6,E,2.0
0.4,1.0,A,10.0
0.4,1.0,B,5.0
0.4,1.0,C,20.0
0.4,1.0,D,5.0
0.4,1.0,E,2.0
0.5,0.0,A,5.0
0.5,0.0,B,5.0
0.5,0.0,C,20.0
0.5,0.0,D,5.0
0.5,0.0,E,1.0
0.5,0.6,A,5.0
0.5,0.6,B,5.0
0.5,0.6,C,20.0
0.5,0.6,D,5.0
0.5,0.6,E,2.0
0.5,1.0,A,5.0
0.5,1.0,B,5.0
0.5,1.0,C,20.0
0.5,1.0,D,5.0
0.5,1.0,E,2.0
0.6,0.0,A,5.0
0.6,0.0,B,5.0
0.6,0.0,C,20.0
0.6,0.0,D,5.0
0.6,0.0,E,1.0
0.6,0.6,A,5.0
0.6,0.6,B,5.0
0.6,0.6,C,20.0
0.6,0.6,D,5.0
0.6,0.6,E,1.0
0.6,1.0,A,5.0
0.6,1.0,B,5.0
0.6,1.0,C,20.0
0.6,1.0,D,5.0
0.6,1.0,E,2.0
0.75,0.0,A,2.0
0.75,0.0,B,2.0
0.75,0.0,C,10.0
0.75,0.0,D,5.0
0.75,0.0,E,1.0
0.75,0.6,A,2.0
0.75,0.6,B,2.0
0.75,0.6,C,10.0
0.75,0.6,D,2.0
0.75,0.6,E,1.0
0.75,1.0,A,5.0
0.75,1.0,B,2.0
0.75,1.0,C,10.0
0.75,1.0,D,2.0
0.75,1.0,E,1.0
1.0,0.0,A,1.0
1.0,0.0,B,1.0
1.0,0.0,C,2.0
1.0,0.0,D,1.0
1.0,0.0,E,1.0
1.0,0.6,A,2.0
1.0,0.6,B,1.0
1.0,0.6,C,5.0
1.0,0.6,D,1.0
1.0,0.6,E,1.0
1.0,1.0,A,2.0
1.0,1.0,B,1.0
1.0,1.0,C,2.0
1.0,1.0,D,1.0
1.0,1.0,E,1.0
