kappa_ref_target,C,workflow_id,median_abs_lo,median_abs_hi,median_signed_lo,median_signed_hi,vuln_lo,vuln_hi
1.0,0.0,A,0.040322161903248596,0.059375274964482,-0.003982534802376601,0.015793888829890322,0.07,0.13666666666666666
1.0,0.0,B,0.050460746639093,0.0716756363518026,-0.0007574943389524,0.021925749484978302,0.08658333333333335,0.15666666666666668
1.0,0.0,C,0.2125949394771609,0.2999696728155301,-0.03830486173937279,0.0340901716229782,0.30666666666666664,0.4166666666666667
1.0,0.0,D,0.0478969385885304,0.07538622307709869,-0.008931224376559549,0.00876402277426923,0.09,0.16
1.0,0.0,E,0.01054982620321869,0.01522761639006203,-0.0016911185275193998,0.0034707853140620998,0.023333333333333334,0.06666666666666667
1.0,0.6,A,0.0623400043074204,0.0905766158246834,0.05660655967109492,0.0848647686565953,0.09666666666666666,0.17333333333333334
1.0,0.6,B,0.05482401609337195,0.07447489621365672,0.02666659710086555,0.0507542146857867,0.09666666666666666,0.17333333333333334
1.0,0.6,C,0.2134108285041683,0.3154114117820057,-0.0232583197296268,0.05073912801471825,0.29,0.39666666666666667
1.0,0.6,D,0.05180145931369364,0.07149411149069354,0.025662146941440048,0.0452057589415734,0.08666666666666667,0.16008333333333288
1.0,0.6,E,0.01101903258911815,0.016878420041983,0.0048830359106192996,0.0095413362625849,0.03333333333333333,0.08333333333333333
1.0,1.0,A,0.09574360632845193,0.14927640270091674,0.09465664869705856,0.14415883792673304,0.15,0.24
1.0,1.0,B,0.06022838460876908,0.08941132540241231,0.049077560018721204,0.0695217549131277,0.10333333333333333,0.18333333333333332
1.0,1.0,C,0.2295235363069391,0.3408882789263378,0.014547752889877249,0.1294326886805737,0.30333333333333334,0.4166666666666667
1.0,1.0,D,0.061048770834200655,0.08347222233595633,0.0421474401660184,0.0635165309087975,0.10333333333333333,0.18
1.0,1.0,E,0.0127120890302348,0.017643348300638,0.0094598559177712,0.0140849878563335,0.03666666666666667,0.09
2.0,0.0,A,0.0200675830281779,0.0299622877362657,-0.001989263717120456,0.0079282350948664,0.03666666666666667,0.09333333333333334
2.0,0.0,B,0.0251592438328099,0.0355275723929198,-0.0003786754175934,0.01102231432384175,0.03666666666666667,0.09333333333333334
2.0,0.0,C,0.10034853641143801,0.15150537258982466,-0.0198007077842239,0.013179360613830769,0.16,0.25333333333333335
2.0,0.0,D,0.02281081367006735,0.0378508742297732,-0.0055663302106346985,0.0042937637189512,0.05,0.11
2.0,0.0,E,0.0052407129690932,0.00752578911371975,-0.0011650596198409498,0.00106257400357685,0.0033333333333333335,0.03333333333333333
2.0,0.6,A,0.0315473299467106,0.04591270524979575,0.028692746102682933,0.043295639013526,0.03333333333333333,0.08666666666666667
2.0,0.6,B,0.0277407411881753,0.03779253768661033,0.0134210185955362,0.025691145419382347,0.03666666666666667,0.08666666666666667
2.0,0.6,C,0.10746795476763295,0.16135399421117885,-0.005441687207304965,0.0318648439090875,0.16333333333333333,0.25341666666666623
2.0,0.6,D,0.0251663267802418,0.034703676883717796,0.012373215636903835,0.0213434889222283,0.04666666666666667,0.10333333333333333
2.0,0.6,E,0.0055773305366899,0.007974130726316999,0.002233874771178241,0.0046109612847319,0.013333333333333334,0.05
2.0,1.0,A,0.04896474009329948,0.07722705420862905,0.04839715714891206,0.07450231493499342,0.08333333333333333,0.15333333333333332
2.0,1.0,B,0.030554275403064206,0.045233690003136,0.024832650870562436,0.0353445765136495,0.04658333333333334,0.10333333333333333
2.0,1.0,C,0.11383169537809326,0.16373006944322005,0.006467457575918216,0.06202573642760657,0.15,0.24
2.0,1.0,D,0.029944105484826063,0.041970831655912,0.0209148845192725,0.03126485654920485,0.05,0.11
2.0,1.0,E,0.0061743706745848,0.0088603844222972,0.004469449162753,0.006599883363630732,0.016666666666666666,0.056666666666666664
5.0,0.0,A,0.0080749722055245,0.0120913623105225,-0.0007952261617387488,0.0031789006635361268,0.01,0.04666666666666667
5.0,0.0,B,0.0099869698060294,0.0142569620085178,-0.0001514529570224,0.0044234407633289,0.013333333333333334,0.05
5.0,0.0,C,0.038920919999733836,0.06016450582732215,-0.0091831564254319,0.00409164185449825,0.06666666666666667,0.13666666666666666
5.0,0.0,D,0.0090450784360128,0.015535646105070348,-0.0030974195535727962,0.00047536020527714996,0.016666666666666666,0.05333333333333334
5.0,0.0,E,0.0021193147691517702,0.0031131878324402,-0.0005561805403649212,0.00044363178731165,0.0,0.01
5.0,0.6,A,0.01273686509320985,0.01858744114642295,0.011574772684961373,0.017539344758379552,0.013333333333333334,0.05
5.0,0.6,B,0.011135476545272301,0.015285842133790513,0.0053899079002362,0.010354868556119001,0.013333333333333334,0.05333333333333334
5.0,0.6,C,0.0420515227695976,0.0647095947089333,-0.00540935572154645,0.013667066635187498,0.07666666666666666,0.14666666666666667
5.0,0.6,D,0.009752107565632868,0.0137944510254656,0.00318916889148655,0.00710876454948275,0.013333333333333334,0.05
5.0,0.6,E,0.0022328426037121,0.0031527370943684498,0.00072935320300819,0.00171052152357755,0.0,0.016666666666666666
5.0,1.0,A,0.019868035844383975,0.031584824893005556,0.01963456315022419,0.030448309125265176,0.023333333333333334,0.07
5.0,1.0,B,0.012332379225110851,0.01827614614164125,0.010006341813508922,0.0142856386868994,0.013333333333333334,0.05
5.0,1.0,C,0.04827150584106958,0.0695356559682688,0.00174989174780993,0.02339165533248167,0.06333333333333334,0.12666666666666668
5.0,1.0,D,0.0107870958036852,0.0156563091705765,0.00734948090360867,0.011800683765849869,0.01658333333333334,0.05333333333333334
5.0,1.0,E,0.0024312867388619,0.0035981904446557,0.0016874976843591074,0.0024801692719826,0.0,0.023333333333333334
10.0,0.0,A,0.00404560394195525,0.006063846299918,-0.00039753332267664126,0.001590726323085891,0.0,0.016666666666666666
10.0,0.0,B,0.0049809549677334,0.0071467484766718,-7.572361104393396e-05,0.0022141608625807,0.0,0.023333333333333334
10.0,0.0,C,0.0210065009874751,0.0315334540276216,-0.0068733309003495,0.0015396312469209868,0.04666666666666667,0.10666666666666667
10.0,0.0,D,0.0049531730284943,0.008276413602863499,-0.0024159615640392,-0.0007521577779793,0.0,0.023333333333333334
10.0,0.0,E,0.0010727481127611,0.00159052274662495,-0.0003164310649926,0.0001650286131138,0.0,0.0
10.0,0.6,A,0.00638858251712555,0.0093365087665979,0.00580403800795715,0.008807791116896349,0.0033333333333333335,0.02666666666666667
10.0,0.6,B,0.0055705228664894,0.007671906300388628,0.0026985757870776504,0.0051907706652606,0.0,0.023333333333333334
10.0,0.6,C,0.0208340933797861,0.034486120053622844,-0.00438520024097375,0.0036225785540965,0.03333333333333333,0.08674999999999955
10.0,0.6,D,0.0047302532847396,0.0066892684982248,0.0006965377499374,0.0025668936395498174,0.0,0.016666666666666666
10.0,0.6,E,0.0011146967290704376,0.001592910824336048,0.0003394219251795,0.0007820705632911,0.0,0.0
10.0,1.0,A,0.009982873763772621,0.01591516651432695,0.009865001707828901,0.01533844738513354,0.006666666666666667,0.04
10.0,1.0,B,0.006185083893596425,0.0091020761173767,0.00501562658802482,0.0071681480384724,0.0,0.023333333333333334
10.0,1.0,C,0.02287794721783175,0.034334245525433654,-0.0007549189358002999,0.00791507560651455,0.043333333333333335,0.10333333333333333
10.0,1.0,D,0.0051536899245344,0.007079894821603707,0.0026374740763519173,0.004850113989527121,0.0,0.023333333333333334
10.0,1.0,E,0.00120305131758845,0.00173789461013145,0.00082617755767155,0.0012029224375728,0.0,0.0
20.0,0.0,A,0.00202484370298035,0.0030365055250445,-0.00019874673388645998,0.0007956829371492605,0.0,0.0
20.0,0.0,B,0.0024873685068134,0.0035669668611834,-3.786108873616404e-05,0.0011076925740071,0.0,0.0
20.0,0.0,C,0.0102952855984856,0.0158748611377448,-0.0064380562602091695,-0.0017819992715381733,0.013333333333333334,0.05333333333333334
20.0,0.0,D,0.0029596991400871,0.0043819267172231,-0.0023503405872763337,-0.00122729049500965,0.0,0.0
20.0,0.0,E,0.0005358169980667,0.0007724274580933775,-0.00015805160325935,8.246695871515631e-05,0.0,0.0
20.0,0.6,A,0.00319937675721355,0.00467910003208845,0.0029062179855781313,0.004413550187131601,0.0,0.01
20.0,0.6,B,0.0027891294928325,0.0038432822937899654,0.0013501970097636999,0.00259874528216145,0.0,0.01
20.0,0.6,C,0.0104248709094296,0.0154095729549194,-0.0038331192844321513,0.0008591899955853,0.023333333333333334,0.06666666666666667
20.0,0.6,D,0.0024522717024166,0.003770530821805,-0.00067261614360245,0.00022246365465156045,0.0,0.01
20.0,0.6,E,0.0005565059474120225,0.00079777820679355,0.0001695307138818,0.00039166850786295,0.0,0.0
20.0,1.0,A,0.005003832159443724,0.007988994383182301,0.004944605917677807,0.007698447354162434,0.0,0.01
20.0,1.0,B,0.0030973091052493565,0.0045529462533689,0.0025109505478185475,0.0035904738545616,0.0,0.01
20.0,1.0,C,0.011495056201885429,0.017643967554196748,-0.0016487299961706302,0.00312083291320545,0.02,0.06333333333333334
20.0,1.0,D,0.0022295946737746646,0.0035587207875362047,0.0001805533411303,0.00124504645315405,0.0,0.01
20.0,1.0,E,0.0006008280097941,0.000864879352926,0.0004101355621061,0.0006005459444363,0.0,0.0
