kappa_ref_target,C,inclusive_median_abs,exclude_non_success_median_abs,delta
1.0,0.0,0.012250469280292001,0.0122099828996877,-4.048638060430085e-05
1.0,0.6,0.0137625934856213,0.0136723500375088,-9.02434481125005e-05
1.0,1.0,0.01483853797308965,0.01483853797308965,0.0
2.0,0.0,0.0059631485398364,0.0059223067208351,-4.084181900129973e-05
2.0,0.6,0.0065854766978896,0.0065854766978896,0.0
2.0,1.0,0.0075107671358914,0.0075107671358914,0.0
5.0,0.0,0.00244212735113995,0.00244212735113995,0.0
5.0,0.6,0.00265901202531845,0.00265901202531845,0.0
5.0,1.0,0.0030129019249709,0.0030129019249709,0.0
10.0,0.0,0.0012429479183525,0.0012429479183525,0.0
10.0,0.6,0.00132927545050775,0.00132927545050775,0.0
10.0,1.0,0.00148035884398775,0.00148035884398775,0.0
20.0,0.0,0.0006176771088041,0.0006176771088041,0.0
20.0,0.6,0.0006540421281507501,0.0006540421281507501,0.0
20.0,1.0,0.0007386725009283,0.0007386725009283,0.0
