tau,kappa_ref_target,C,workflow_id,vulnerability_rate
0.25,1.0,0.0,A,0.17
0.25,1.0,0.0,B,0.17333333333333334
0.25,1.0,0.0,C,0.5033333333333333
0.25,1.0,0.0,D,0.19666666666666666
0.25,1.0,0.0,E,0.07333333333333333
0.25,1.0,0.6,A,0.25
0.25,1.0,0.6,B,0.21333333333333335
0.25,1.0,0.6,C,0.5133333333333333
0.25,1.0,0.6,D,0.2
0.25,1.0,0.6,E,0.1
0.25,1.0,1.0,A,0.31
0.25,1.0,1.0,B,0.23666666666666666
0.25,1.0,1.0,C,0.5266666666666666
0.25,1.0,1.0,D,0.23
0.25,1.0,1.0,E,0.10666666666666667
0.25,2.0,0.0,A,0.10666666666666667
0.25,2.0,0.0,B,0.11666666666666667
0.25,2.0,0.0,C,0.36
0.25,2.0,0.0,D,0.13
0.25,2.0,0.0,E,0.03666666666666667
0.25,2.0,0.6,A,0.13666666666666666
0.25,2.0,0.6,B,0.13666666666666666
0.25,2.0,0.6,C,0.35
0.25,2.0,0.6,D,0.12
0.25,2.0,0.6,E,0.05
0.25,2.0,1.0,A,0.19666666666666666
0.25,2.0,1.0,B,0.15333333333333332
0.25,2.0,1.0,C,0.35
0.25,2.0,1.0,D,0.14666666666666667
0.25,2.0,1.0,E,0.07
0.25,5.0,0.0,A,0.056666666666666664
0.25,5.0,0.0,B,0.043333333333333335
0.25,5.0,0.0,C,0.17
0.25,5.0,0.0,D,0.07
0.25,5.0,0.0,E,0.006666666666666667
0.25,5.0,0.6,A,0.056666666666666664
0.25,5.0,0.6,B,0.05333333333333334
0.25,5.0,0.6,C,0.16333333333333333
0.25,5.0,0.6,D,0.05
0.25,5.0,0.6,E,0.016666666666666666
0.25,5.0,1.0,A,0.09
0.25,5.0,1.0,B,0.06666666666666667
0.25,5.0,1.0,C,0.16
0.25,5.0,1.0,D,0.06333333333333334
0.25,5.0,1.0,E,0.02
0.25,10.0,0.0,A,0.03
0.25,10.0,0.0,B,0.03333333333333333
0.25,10.0,0.0,C,0.09333333333333334
0.25,10.0,0.0,D,0.02666666666666667
0.25,10.0,0.0,E,0.0
0.25,10.0,0.6,A,0.03
0.25,10.0,0.6,B,0.03
0.25,10.0,0.6,C,0.10666666666666667
0.25,10.0,0.6,D,0.03333333333333333
0.25,10.0,0.6,E,0.0033333333333333335
0.25,10.0,1.0,A,0.05333333333333334
0.25,10.0,1.0,B,0.03666666666666667
0.25,10.0,1.0,C,0.10666666666666667
0.25,10.0,1.0,D,0.03
0.25,10.0,1.0,E,0.0033333333333333335
0.25,20.0,0.0,A,0.0033333333333333335
0.25,20.0,0.0,B,0.006666666666666667
0.25,20.0,0.0,C,0.06
0.25,20.0,0.0,D,0.006666666666666667
0.25,20.0,0.0,E,0.0
0.25,20.0,0.6,A,0.013333333333333334
0.25,20.0,0.6,B,0.01
0.25,20.0,0.6,C,0.07
0.25,20.0,0.6,D,0.006666666666666667
0.25,20.0,0.6,E,0.0
0.25,20.0,1.0,A,0.02666666666666667
0.25,20.0,1.0,B,0.01
0.25,20.0,1.0,C,0.06666666666666667
0.25,20.0,1.0,D,0.016666666666666666
0.25,20.0,1.0,E,0.0
0.4,1.0,0.0,A,0.12666666666666668
0.4,1.0,0.0,B,0.12666666666666668
0.4,1.0,0.0,C,0.38
0.4,1.0,0.0,D,0.14333333333333334
0.4,1.0,0.0,E,0.05
0.4,1.0,0.6,A,0.18
0.4,1.0,0.6,B,0.15333333333333332
0.4,1.0,0.6,C,0.39
0.4,1.0,0.6,D,0.15
0.4,1.0,0.6,E,0.06666666666666667
0.4,1.0,1.0,A,0.23
0.4,1.0,1.0,B,0.17666666666666667
0.4,1.0,1.0,C,0.39
0.4,1.0,1.0,D,0.16
0.4,1.0,1.0,E,0.08
0.4,2.0,0.0,A,0.07666666666666666
0.4,2.0,0.0,B,0.06666666666666667
0.4,2.0,0.0,C,0.25333333333333335
0.4,2.0,0.0,D,0.09333333333333334
0.4,2.0,0.0,E,0.02
0.4,2.0,0.6,A,0.08666666666666667
0.4,2.0,0.6,B,0.08333333333333333
0.4,2.0,0.6,C,0.24333333333333335
0.4,2.0,0.6,D,0.09
0.4,2.0,0.6,E,0.03666666666666667
0.4,2.0,1.0,A,0.13666666666666666
0.4,2.0,1.0,B,0.09
0.4,2.0,1.0,C,0.23333333333333334
0.4,2.0,1.0,D,0.09
0.4,2.0,1.0,E,0.04
0.4,5.0,0.0,A,0.04
0.4,5.0,0.0,B,0.03666666666666667
0.4,5.0,0.0,C,0.11333333333333333
0.4,5.0,0.0,D,0.043333333333333335
0.4,5.0,0.0,E,0.0033333333333333335
0.4,5.0,0.6,A,0.03666666666666667
0.4,5.0,0.6,B,0.03333333333333333
0.4,5.0,0.6,C,0.13666666666666666
0.4,5.0,0.6,D,0.04
0.4,5.0,0.6,E,0.006666666666666667
0.4,5.0,1.0,A,0.056666666666666664
0.4,5.0,1.0,B,0.043333333333333335
0.4,5.0,1.0,C,0.12
0.4,5.0,1.0,D,0.03333333333333333
0.4,5.0,1.0,E,0.013333333333333334
0.4,10.0,0.0,A,0.006666666666666667
0.4,10.0,0.0,B,0.01
0.4,10.0,0.0,C,0.07666666666666666
0.4,10.0,0.0,D,0.01
0.4,10.0,0.0,E,0.0
0.4,10.0,0.6,A,0.02
0.4,10.0,0.6,B,0.01
0.4,10.0,0.6,C,0.07333333333333333
0.4,10.0,0.6,D,0.016666666666666666
0.4,10.0,0.6,E,0.0
0.4,10.0,1.0,A,0.03333333333333333
0.4,10.0,1.0,B,0.016666666666666666
0.4,10.0,1.0,C,0.07333333333333333
0.4,10.0,1.0,D,0.02
0.4,10.0,1.0,E,0.0
0.4,20.0,0.0,A,0.0033333333333333335
0.4,20.0,0.0,B,0.0033333333333333335
0.4,20.0,0.0,C,0.043333333333333335
0.4,20.0,0.0,D,0.0033333333333333335
0.4,20.0,0.0,E,0.0
0.4,20.0,0.6,A,0.0033333333333333335
0.4,20.0,0.6,B,0.006666666666666667
0.4,20.0,0.6,C,0.04666666666666667
0.4,20.0,0.6,D,0.0033333333333333335
0.4,20.0,0.6,E,0.0
0.4,20.0,1.0,A,0.013333333333333334
0.4,20.0,1.0,B,0.006666666666666667
0.4,20.0,1.0,C,0.04
0.4,20.0,1.0,D,0.006666666666666667
0.4,20.0,1.0,E,0.0
0.5,1.0,0.0,A,0.10333333333333333
0.5,1.0,0.0,B,0.12
0.5,1.0,0.0,C,0.36
0.5,1.0,0.0,D,0.12333333333333334
0.5,1.0,0.0,E,0.043333333333333335
0.5,1.0,0.6,A,0.13333333333333333
0.5,1.0,0.6,B,0.13666666666666666
0.5,1.0,0.6,C,0.3433333333333333
0.5,1.0,0.6,D,0.12333333333333334
0.5,1.0,0.6,E,0.056666666666666664
0.5,1.0,1.0,A,0.19333333333333333
0.5,1.0,1.0,B,0.14333333333333334
0.5,1.0,1.0,C,0.36
0.5,1.0,1.0,D,0.14
0.5,1.0,1.0,E,0.06333333333333334
0.5,2.0,0.0,A,0.06333333333333334
0.5,2.0,0.0,B,0.06333333333333334
0.5,2.0,0.0,C,0.20666666666666667
0.5,2.0,0.0,D,0.08
0.5,2.0,0.0,E,0.016666666666666666
0.5,2.0,0.6,A,0.06
0.5,2.0,0.6,B,0.06
0.5,2.0,0.6,C,0.20666666666666667
0.5,2.0,0.6,D,0.07333333333333333
0.5,2.0,0.6,E,0.03
0.5,2.0,1.0,A,0.11666666666666667
0.5,2.0,1.0,B,0.07333333333333333
0.5,2.0,1.0,C,0.19333333333333333
0.5,2.0,1.0,D,0.08
0.5,2.0,1.0,E,0.03666666666666667
0.5,5.0,0.0,A,0.02666666666666667
0.5,5.0,0.0,B,0.03
0.5,5.0,0.0,C,0.1
0.5,5.0,0.0,D,0.03333333333333333
0.5,5.0,0.0,E,0.0033333333333333335
0.5,5.0,0.6,A,0.03
0.5,5.0,0.6,B,0.03333333333333333
0.5,5.0,0.6,C,0.11
0.5,5.0,0.6,D,0.03
0.5,5.0,0.6,E,0.006666666666666667
0.5,5.0,1.0,A,0.04666666666666667
0.5,5.0,1.0,B,0.03
0.5,5.0,1.0,C,0.09333333333333334
0.5,5.0,1.0,D,0.03333333333333333
0.5,5.0,1.0,E,0.01
0.5,10.0,0.0,A,0.006666666666666667
0.5,10.0,0.0,B,0.01
0.5,10.0,0.0,C,0.07333333333333333
0.5,10.0,0.0,D,0.01
0.5,10.0,0.0,E,0.0
0.5,10.0,0.6,A,0.013333333333333334
0.5,10.0,0.6,B,0.01
0.5,10.0,0.6,C,0.06
0.5,10.0,0.6,D,0.006666666666666667
0.5,10.0,0.6,E,0.0
0.5,10.0,1.0,A,0.023333333333333334
0.5,10.0,1.0,B,0.01
0.5,10.0,1.0,C,0.07333333333333333
0.5,10.0,1.0,D,0.01
0.5,10.0,1.0,E,0.0
0.5,20.0,0.0,A,0.0
0.5,20.0,0.0,B,0.0
0.5,20.0,0.0,C,0.03333333333333333
0.5,20.0,0.0,D,0.0
0.5,20.0,0.0,E,0.0
0.5,20.0,0.6,A,0.0033333333333333335
0.5,20.0,0.6,B,0.0033333333333333335
0.5,20.0,0.6,C,0.043333333333333335
0.5,20.0,0.6,D,0.0033333333333333335
0.5,20.0,0.6,E,0.0
0.5,20.0,1.0,A,0.0033333333333333335
0.5,20.0,1.0,B,0.0033333333333333335
0.5,20.0,1.0,C,0.04
0.5,20.0,1.0,D,0.0033333333333333335
0.5,20.0,1.0,E,0.0
0.6,1.0,0.0,A,0.1
0.6,1.0,0.0,B,0.10333333333333333
0.6,1.0,0.0,C,0.31
0.6,1.0,0.0,D,0.12
0.6,1.0,0.0,E,0.03333333333333333
0.6,1.0,0.6,A,0.11333333333333333
0.6,1.0,0.6,B,0.10666666666666667
0.6,1.0,0.6,C,0.30333333333333334
0.6,1.0,0.6,D,0.1
0.6,1.0,0.6,E,0.05
0.6,1.0,1.0,A,0.17333333333333334
0.6,1.0,1.0,B,0.12666666666666668
0.6,1.0,1.0,C,0.30666666666666664
0.6,1.0,1.0,D,0.11666666666666667
0.6,1.0,1.0,E,0.06
0.6,2.0,0.0,A,0.06
0.6,2.0,0.0,B,0.06
0.6,2.0,0.0,C,0.19333333333333333
0.6,2.0,0.0,D,0.07
0.6,2.0,0.0,E,0.016666666666666666
0.6,2.0,0.6,A,0.056666666666666664
0.6,2.0,0.6,B,0.05333333333333334
0.6,2.0,0.6,C,0.18
0.6,2.0,0.6,D,0.056666666666666664
0.6,2.0,0.6,E,0.02666666666666667
0.6,2.0,1.0,A,0.08333333333333333
0.6,2.0,1.0,B,0.056666666666666664
0.6,2.0,1.0,C,0.16333333333333333
0.6,2.0,1.0,D,0.06
0.6,2.0,1.0,E,0.03333333333333333
0.6,5.0,0.0,A,0.02
0.6,5.0,0.0,B,0.02666666666666667
0.6,5.0,0.0,C,0.08333333333333333
0.6,5.0,0.0,D,0.023333333333333334
0.6,5.0,0.0,E,0.0033333333333333335
0.6,5.0,0.6,A,0.02666666666666667
0.6,5.0,0.6,B,0.023333333333333334
0.6,5.0,0.6,C,0.09333333333333334
0.6,5.0,0.6,D,0.023333333333333334
0.6,5.0,0.6,E,0.006666666666666667
0.6,5.0,1.0,A,0.03333333333333333
0.6,5.0,1.0,B,0.03
0.6,5.0,1.0,C,0.08333333333333333
0.6,5.0,1.0,D,0.02666666666666667
0.6,5.0,1.0,E,0.006666666666666667
0.6,10.0,0.0,A,0.0033333333333333335
0.6,10.0,0.0,B,0.0033333333333333335
0.6,10.0,0.0,C,0.06
0.6,10.0,0.0,D,0.0033333333333333335
0.6,10.0,0.0,E,0.0
0.6,10.0,0.6,A,0.01
0.6,10.0,0.6,B,0.006666666666666667
0.6,10.0,0.6,C,0.056666666666666664
0.6,10.0,0.6,D,0.006666666666666667
0.6,10.0,0.6,E,0.0
0.6,10.0,1.0,A,0.013333333333333334
0.6,10.0,1.0,B,0.006666666666666667
0.6,10.0,1.0,C,0.056666666666666664
0.6,10.0,1.0,D,0.006666666666666667
0.6,10.0,1.0,E,0.0
0.6,20.0,0.0,A,0.0
0.6,20.0,0.0,B,0.0
0.6,20.0,0.0,C,0.03
0.6,20.0,0.0,D,0.0
0.6,20.0,0.0,E,0.0
0.6,20.0,0.6,A,0.0
0.6,20.0,0.6,B,0.0
0.6,20.0,0.6,C,0.03333333333333333
0.6,20.0,0.6,D,0.0
0.6,20.0,0.6,E,0.0
0.6,20.0,1.0,A,0.0033333333333333335
0.6,20.0,1.0,B,0.0
0.6,20.0,1.0,C,0.03
0.6,20.0,1.0,D,0.0033333333333333335
0.6,20.0,1.0,E,0.0
0.75,1.0,0.0,A,0.07666666666666666
0.75,1.0,0.0,B,0.07333333333333333
0.75,1.0,0.0,C,0.26666666666666666
0.75,1.0,0.0,D,0.10333333333333333
0.75,1.0,0.0,E,0.023333333333333334
0.75,1.0,0.6,A,0.07666666666666666
0.75,1.0,0.6,B,0.08666666666666667
0.75,1.0,0.6,C,0.2633333333333333
0.75,1.0,0.6,D,0.08666666666666667
0.75,1.0,0.6,E,0.04
0.75,1.0,1.0,A,0.13666666666666666
0.75,1.0,1.0,B,0.09333333333333334
0.75,1.0,1.0,C,0.26
0.75,1.0,1.0,D,0.09333333333333334
0.75,1.0,1.0,E,0.043333333333333335
0.75,2.0,0.0,A,0.043333333333333335
0.75,2.0,0.0,B,0.04666666666666667
0.75,2.0,0.0,C,0.16666666666666666
0.75,2.0,0.0,D,0.056666666666666664
0.75,2.0,0.0,E,0.013333333333333334
0.75,2.0,0.6,A,0.043333333333333335
0.75,2.0,0.6,B,0.043333333333333335
0.75,2.0,0.6,C,0.16
0.75,2.0,0.6,D,0.05
0.75,2.0,0.6,E,0.02666666666666667
0.75,2.0,1.0,A,0.07
0.75,2.0,1.0,B,0.05
0.75,2.0,1.0,C,0.14666666666666667
0.75,2.0,1.0,D,0.05
0.75,2.0,1.0,E,0.03
0.75,5.0,0.0,A,0.006666666666666667
0.75,5.0,0.0,B,0.02
0.75,5.0,0.0,C,0.07333333333333333
0.75,5.0,0.0,D,0.013333333333333334
0.75,5.0,0.0,E,0.0
0.75,5.0,0.6,A,0.013333333333333334
0.75,5.0,0.6,B,0.013333333333333334
0.75,5.0,0.6,C,0.08333333333333333
0.75,5.0,0.6,D,0.013333333333333334
0.75,5.0,0.6,E,0.0033333333333333335
0.75,5.0,1.0,A,0.03333333333333333
0.75,5.0,1.0,B,0.01
0.75,5.0,1.0,C,0.07666666666666666
0.75,5.0,1.0,D,0.016666666666666666
0.75,5.0,1.0,E,0.006666666666666667
0.75,10.0,0.0,A,0.0
0.75,10.0,0.0,B,0.0
0.75,10.0,0.0,C,0.05
0.75,10.0,0.0,D,0.0033333333333333335
0.75,10.0,0.0,E,0.0
0.75,10.0,0.6,A,0.0033333333333333335
0.75,10.0,0.6,B,0.0033333333333333335
0.75,10.0,0.6,C,0.04666666666666667
0.75,10.0,0.6,D,0.0033333333333333335
0.75,10.0,0.6,E,0.0
0.75,10.0,1.0,A,0.01
0.75,10.0,1.0,B,0.006666666666666667
0.75,10.0,1.0,C,0.04666666666666667
0.75,10.0,1.0,D,0.006666666666666667
0.75,10.0,1.0,E,0.0
0.75,20.0,0.0,A,0.0
0.75,20.0,0.0,B,0.0
0.75,20.0,0.0,C,0.016666666666666666
0.75,20.0,0.0,D,0.0
0.75,20.0,0.0,E,0.0
0.75,20.0,0.6,A,0.0
0.75,20.0,0.6,B,0.0
0.75,20.0,0.6,C,0.016666666666666666
0.75,20.0,0.6,D,0.0
0.75,20.0,0.6,E,0.0
0.75,20.0,1.0,A,0.0
0.75,20.0,1.0,B,0.0
0.75,20.0,1.0,C,0.02
0.75,20.0,1.0,D,0.0
0.75,20.0,1.0,E,0.0
1.0,1.0,0.0,A,0.02666666666666667
1.0,1.0,0.0,B,0.023333333333333334
1.0,1.0,0.0,C,0.08
1.0,1.0,0.0,D,0.02666666666666667
1.0,1.0,0.0,E,0.013333333333333334
1.0,1.0,0.6,A,0.05333333333333334
1.0,1.0,0.6,B,0.03666666666666667
1.0,1.0,0.6,C,0.08
1.0,1.0,0.6,D,0.03666666666666667
1.0,1.0,0.6,E,0.023333333333333334
1.0,1.0,1.0,A,0.09
1.0,1.0,1.0,B,0.05
1.0,1.0,1.0,C,0.08666666666666667
1.0,1.0,1.0,D,0.05
1.0,1.0,1.0,E,0.03333333333333333
1.0,2.0,0.0,A,0.01
1.0,2.0,0.0,B,0.016666666666666666
1.0,2.0,0.0,C,0.043333333333333335
1.0,2.0,0.0,D,0.013333333333333334
1.0,2.0,0.0,E,0.006666666666666667
1.0,2.0,0.6,A,0.03
1.0,2.0,0.6,B,0.02666666666666667
1.0,2.0,0.6,C,0.05333333333333334
1.0,2.0,0.6,D,0.03
1.0,2.0,0.6,E,0.016666666666666666
1.0,2.0,1.0,A,0.04666666666666667
1.0,2.0,1.0,B,0.03
1.0,2.0,1.0,C,0.05
1.0,2.0,1.0,D,0.03
1.0,2.0,1.0,E,0.02
1.0,5.0,0.0,A,0.0033333333333333335
1.0,5.0,0.0,B,0.0033333333333333335
1.0,5.0,0.0,C,0.023333333333333334
1.0,5.0,0.0,D,0.0033333333333333335
1.0,5.0,0.0,E,0.0
1.0,5.0,0.6,A,0.01
1.0,5.0,0.6,B,0.006666666666666667
1.0,5.0,0.6,C,0.02666666666666667
1.0,5.0,0.6,D,0.006666666666666667
1.0,5.0,0.6,E,0.0033333333333333335
1.0,5.0,1.0,A,0.013333333333333334
1.0,5.0,1.0,B,0.006666666666666667
1.0,5.0,1.0,C,0.02666666666666667
1.0,5.0,1.0,D,0.006666666666666667
1.0,5.0,1.0,E,0.0033333333333333335
1.0,10.0,0.0,A,0.0
1.0,10.0,0.0,B,0.0
1.0,10.0,0.0,C,0.013333333333333334
1.0,10.0,0.0,D,0.0
1.0,10.0,0.0,E,0.0
1.0,10.0,0.6,A,0.0
1.0,10.0,0.6,B,0.0
1.0,10.0,0.6,C,0.016666666666666666
1.0,10.0,0.6,D,0.0
1.0,10.0,0.6,E,0.0
1.0,10.0,1.0,A,0.0033333333333333335
1.0,10.0,1.0,B,0.0
1.0,10.0,1.0,C,0.023333333333333334
1.0,10.0,1.0,D,0.0033333333333333335
1.0,10.0,1.0,E,0.0
1.0,20.0,0.0,A,0.0
1.0,20.0,0.0,B,0.0
1.0,20.0,0.0,C,0.0033333333333333335
1.0,20.0,0.0,D,0.0
1.0,20.0,0.0,E,0.0
1.0,20.0,0.6,A,0.0
1.0,20.0,0.6,B,0.0
1.0,20.0,0.6,C,0.0033333333333333335
1.0,20.0,0.6,D,0.0
1.0,20.0,0.6,E,0.0
1.0,20.0,1.0,A,0.0
1.0,20.0,1.0,B,0.0
1.0,20.0,1.0,C,0.0033333333333333335
1.0,20.0,1.0,D,0.0
1.0,20.0,1.0,E,0.0
