kappa_ref_target,C,rows,unique_sample_ids,expected_rows,expected_samples,complete
1.0,0.0,1500,300,1500,300,True
1.0,0.6,1500,300,1500,300,True
1.0,1.0,1500,300,1500,300,True
2.0,0.0,1500,300,1500,300,True
2.0,0.6,1500,300,1500,300,True
2.0,1.0,1500,300,1500,300,True
5.0,0.0,1500,300,1500,300,True
5.0,0.6,1500,300,1500,300,True
5.0,1.0,1500,300,1500,300,True
10.0,0.0,1500,300,1500,300,True
10.0,0.6,1500,300,1500,300,True
10.0,1.0,1500,300,1500,300,True
20.0,0.0,1500,300,1500,300,True
20.0,0.6,1500,300,1500,300,True
20.0,1.0,1500,300,1500,300,True
