kappa_ref_target,C,workflow_1,workflow_2,median_paired_diff_abs,ci_lo,ci_hi
1.0,0.0,A,B,-0.0036188388658075464,-0.00796947106069675,0.0
1.0,0.0,A,C,-0.15326634488454305,-0.20735913815356477,-0.12895623998508232
1.0,0.0,A,E,0.02869344781494075,0.02222624923670425,0.036812830468982996
1.0,0.0,B,C,-0.1569381152242623,-0.1983536634759106,-0.1297618187216708
1.0,0.0,B,E,0.035540256495052755,0.027140413172297602,0.047722691680682605
1.0,0.0,C,E,0.21701577794627194,0.1871472794171104,0.2676351831419043
1.0,0.6,A,B,0.014559501179738296,0.011134901145501287,0.017188141858464512
1.0,0.6,A,C,-0.13880401655444757,-0.17005732299490342,-0.1165052991707743
1.0,0.6,A,E,0.05498582189395735,0.044380296098076685,0.06122504773787997
1.0,0.6,B,C,-0.15258931889254584,-0.18005926751362616,-0.1241882365050456
1.0,0.6,B,E,0.0411714366010385,0.033116629650218395,0.047540895729473016
1.0,0.6,C,E,0.21060864252948602,0.1752296128616165,0.2633188348323766
1.0,1.0,A,B,0.03963523550087439,0.03260051110853,0.0464434048102969
1.0,1.0,A,C,-0.1073071517807942,-0.13053700557705888,-0.07979844468424697
1.0,1.0,A,E,0.0870352624536743,0.0751715499841013,0.10959292574562254
1.0,1.0,B,C,-0.15223165457224286,-0.17643233083796106,-0.12539084884551777
1.0,1.0,B,E,0.05090675387504215,0.039097878591036195,0.058174711620520056
1.0,1.0,C,E,0.21801124775017056,0.1800584981644798,0.2677303535484211
2.0,0.0,A,B,-0.002565926139450949,-0.00433876197684965,0.0
2.0,0.0,A,C,-0.07602955984253235,-0.10269289022555117,-0.05947032394147655
2.0,0.0,A,E,0.01439719422485355,0.010971141663066501,0.01945138950220045
2.0,0.0,B,C,-0.0751602633811797,-0.1019924408660994,-0.05677870361968025
2.0,0.0,B,E,0.018857001752431452,0.01409844079746245,0.025782265994054292
2.0,0.0,C,E,0.10711059310027546,0.09003927043956282,0.14031444927760128
2.0,0.6,A,B,0.007583005515615249,0.00579048393959255,0.008929668796486781
2.0,0.6,A,C,-0.07844975964125286,-0.09639761075620565,-0.06274343563223742
2.0,0.6,A,E,0.027508598254701002,0.022099183902137092,0.0310702860212988
2.0,0.6,B,C,-0.0840747312032466,-0.09932588752110338,-0.07052431412183442
2.0,0.6,B,E,0.021861168070551697,0.01732688530492307,0.0242770917452412
2.0,0.6,C,E,0.11457943889580195,0.08993190867263655,0.145896882510723
2.0,1.0,A,B,0.02084667265173645,0.017020877558719266,0.024701282052918647
2.0,1.0,A,C,-0.059944221706422246,-0.07380193319547126,-0.04652968197113
2.0,1.0,A,E,0.04612646575879775,0.04010765170752295,0.05771875545331409
2.0,1.0,B,C,-0.0817109125554048,-0.09565570871596961,-0.06672318072841726
2.0,1.0,B,E,0.026420059359675598,0.02049533611557515,0.030180862562613053
2.0,1.0,C,E,0.1156935437447581,0.09952672179211194,0.14459723321128695
5.0,0.0,A,B,-0.00117691405311315,-0.0019392056684990502,-0.00029016571428314977
5.0,0.0,A,C,-0.0318755681794871,-0.0423677012588143,-0.025126448541874246
5.0,0.0,A,E,0.0058571933403133,0.0045359681303434995,0.00831410312103125
5.0,0.0,B,C,-0.030055918082925452,-0.03901874675549231,-0.02407104378067145
5.0,0.0,B,E,0.007594165472522049,0.0058707269916834,0.010908185864286902
5.0,0.0,C,E,0.041826075759291,0.03460655601692215,0.055834864841039604
5.0,0.6,A,B,0.003096975789261351,0.0023067160266455004,0.00375129601426132
5.0,0.6,A,C,-0.031902832267970097,-0.038877415911005,-0.025398065978601253
5.0,0.6,A,E,0.011365980192387451,0.009308503364264099,0.0131287193475777
5.0,0.6,B,C,-0.0349517093528022,-0.041497288057168194,-0.0298473984622108
5.0,0.6,B,E,0.008974983013108302,0.007396572563590601,0.01019695985028838
5.0,0.6,C,E,0.04791222653209585,0.0375865538494222,0.0577186887435598
5.0,1.0,A,B,0.0085232103471434,0.006901801960422799,0.0103289725863001
5.0,1.0,A,C,-0.026131602800208594,-0.0298888533846115,-0.01879525776462875
5.0,1.0,A,E,0.0194693555948078,0.01689366632520475,0.0255697225320007
5.0,1.0,B,C,-0.033791955938187845,-0.04154332864327312,-0.028621186866429803
5.0,1.0,B,E,0.011303484582190798,0.008877014620388389,0.012560079986927302
5.0,1.0,C,E,0.05089266146580885,0.04383177301397,0.0602796508069063
10.0,0.0,A,B,-0.0006173541577223003,-0.0010106187316149002,-0.00017398561073484994
10.0,0.0,A,C,-0.020157586666189886,-0.023633499350535932,-0.014561468223647655
10.0,0.0,A,E,0.0029155874998534,0.0022306021123363,0.004025112326446716
10.0,0.0,B,C,-0.018261505128974752,-0.02245178669046203,-0.013511849888751482
10.0,0.0,B,E,0.0038051474743912997,0.002986697992837902,0.0054039444525062
10.0,0.0,C,E,0.0237488992414035,0.01982250467083735,0.029857878284375403
10.0,0.6,A,B,0.00155660676637985,0.0011686845957674273,0.0019127723455365994
10.0,0.6,A,C,-0.013956546874215499,-0.0187199694603015,-0.0110986007270327
10.0,0.6,A,E,0.0058718761761819,0.0049518297159296,0.006839827248265715
10.0,0.6,B,C,-0.016099183202295253,-0.0212974007475457,-0.013169276857278
10.0,0.6,B,E,0.00455213933102885,0.0037243310001549,0.005284831304003299
10.0,0.6,C,E,0.0238924773360335,0.0184975901496401,0.031192189507086028
10.0,1.0,A,B,0.0042766597066168505,0.003543562399171145,0.0050876320549680006
10.0,1.0,A,C,-0.010717911492805602,-0.0134633367461047,-0.00855543415676785
10.0,1.0,A,E,0.0099244251333882,0.00861161849314595,0.012843990067391346
10.0,1.0,B,C,-0.0148054309866635,-0.019284066208708515,-0.012478510151331501
10.0,1.0,B,E,0.005815029966854614,0.004737999402740769,0.0067850902997234
10.0,1.0,C,E,0.0249713046552491,0.02089610267550186,0.030012558935203597
20.0,0.0,A,B,-0.0003088717139749499,-0.0005125076442125462,-9.612845831010001e-05
20.0,0.0,A,C,-0.0092332887615134,-0.012137530233203799,-0.0077296426267751996
20.0,0.0,A,E,0.0014838191829062504,0.0011719990995678051,0.002112377120501202
20.0,0.0,B,C,-0.008849366757222279,-0.011287657259071866,-0.007293844749868399
20.0,0.0,B,E,0.0019564105084572503,0.0015540082899313998,0.0027154573700485
20.0,0.0,C,E,0.0110781832025275,0.009135430078834106,0.014784132232867099
20.0,0.6,A,B,0.0007803616845091999,0.0005813876752084415,0.0009469809992307002
20.0,0.6,A,C,-0.00815534488043815,-0.0101852275476503,-0.006866994157605
20.0,0.6,A,E,0.0029305208581537007,0.0024522124990729545,0.0034975507644342497
20.0,0.6,B,C,-0.0088512595665831,-0.010754607110613048,-0.0076760451663446996
20.0,0.6,B,E,0.00229437534325034,0.0018728607390206,0.0026358738131486825
20.0,0.6,C,E,0.011154633819403103,0.009502950182733404,0.014630109907478891
20.0,1.0,A,B,0.0021421281129375,0.0017758933423220864,0.0026274355490107652
20.0,1.0,A,C,-0.006268338383860248,-0.007824140648589887,-0.0043939578127501
20.0,1.0,A,E,0.0050084758616649,0.004341520907685992,0.006542891616293827
20.0,1.0,B,C,-0.0084068355285001,-0.009660633484771924,-0.006729436561447586
20.0,1.0,B,E,0.002915324494423102,0.0023479015738079,0.0033797907684159655
20.0,1.0,C,E,0.012518339794535446,0.01080760409002839,0.0161944395369354
