kappa,C,median_abs_error,lo,hi,vulnerable_fraction,vuln_lo,vuln_hi
1.0,0.0,3.76727771221473e-09,2.6552706510940443e-09,4.878992615204304e-09,0.0,0.0,0.0
1.0,0.6,0.16979218911414456,0.10171394568125623,0.1994819135441931,0.01,0.0,0.0
1.0,1.0,0.28298698244953935,0.1721748073493406,0.3324698626560996,0.1,0.0,0.0
5.0,0.0,3.7803946760972926e-09,2.9082483663053996e-09,4.9765869755803614e-09,0.0,0.0,0.0
5.0,0.6,0.03395843560743554,0.02066097902100962,0.03989637919792063,0.0,0.0,0.0
5.0,1.0,0.056597397014685205,0.034434963093297306,0.06649397644001974,0.0,0.0,0.0
20.0,0.0,3.7803946760972926e-09,2.95671363814031e-09,4.9765869755803614e-09,0.0,0.0,0.0
20.0,0.6,0.008489609841992842,0.005086369717109359,0.009975003671246334,0.0,0.0,0.0
20.0,1.0,0.014149347392738747,0.008608739265617508,0.01674505505032848,0.0,0.0,0.0
