kappa_ref_target,C,A,B,C,D,E
1.0,-0.0015275893135329786,0.006123922246018659,0.005013240773337124,-0.0015275893135329786,-0.0010635554022265428,0.0008971647482661597
1.0,0.016341173234869104,0.06473684256626078,0.038437833027201995,0.016341173234869104,0.03668555760916163,0.006998618201529789
1.0,0.046851930695396005,0.11435029599401433,0.05910043436417557,0.046851930695396005,0.05503387621271976,0.011432675339731236
2.0,0.001471676205408288,0.003066634865012123,0.0025097953273562667,0.001471676205408288,-0.001387993737078332,-0.00017921099392920737
2.0,0.010238861810933406,0.032875733401745086,0.01940010340777528,0.010238861810933406,0.017692678353340784,0.0032324722892562354
2.0,0.026220334902923147,0.058720136598815566,0.029974206156905325,0.026220334902923147,0.026683680469452294,0.005387594870305969
5.0,-0.0030617810760238608,0.0012277811358262054,0.0010046832503388039,-0.0030617810760238608,-0.0017469650684008389,-0.00026267090088347237
5.0,0.0012098173990971548,0.013278300647560358,0.007804856818002231,0.0012098173990971548,0.00558442076374787,0.0012139066899298008
5.0,0.010382558113475944,0.02389225089656131,0.012096213915343108,0.010382558113475944,0.009369308597815039,0.0020913766607580046
10.0,-0.0032579274401841906,0.0006140788936837465,0.0005024694077348219,-0.0032579274401841906,-0.0016718453131608912,-0.00015507395406574664
10.0,-7.74548381116519e-05,0.006661044088679926,0.003910013348370307,-7.74548381116519e-05,0.0017252055651603153,0.0005866592642861763
10.0,0.003611788745492428,0.012016636532332207,0.006066286645801148,0.003611788745492428,0.003460929891514547,0.000995328831401878
20.0,-0.004143056849218403,0.0003070865716336857,0.0002512666742055305,-0.004143056849218403,-0.0015882828181104753,-7.779558778970289e-05
20.0,-0.0007969983019373395,0.003336049858617812,0.0019569139928873225,-0.0007969983019373395,-0.00025818267764579053,0.00029399130471481193
20.0,0.00047536135951605114,0.0060262604921833395,0.0030377293832455285,0.00047536135951605114,0.0007873903997820822,0.0005012302425607051
