cell,kappa_ref_target,C,workflow_id,n_total,n_valid,n_computational_failure,n_vulnerable_tau_0_5,vulnerability_rate_tau_0_5,median_absolute_error,q25_absolute_error,q75_absolute_error,median_signed_error,median_realized_kappa
K1_C0p0,1.0,0.0,A,300,300,0,31,0.10333333333333333,0.04751030750940463,0.021488251831055995,0.1403548356162943,0.006123922246018659,7.0237182366122894
K1_C0p0,1.0,0.0,B,300,300,0,36,0.12,0.059322578919693815,0.023014173698361257,0.18216575335069307,0.005013240773337124,7.0237182366122894
K1_C0p0,1.0,0.0,C,300,300,0,108,0.36,0.2554069602377286,0.10792637924845694,0.8221759279324232,-0.0015275893135329786,7.0237182366122894
K1_C0p0,1.0,0.0,D,300,300,0,37,0.12333333333333334,0.05960198433624751,0.02326140648070883,0.16543807070692576,-0.0010635554022265428,7.0237182366122894
K1_C0p0,1.0,0.0,E,300,300,0,13,0.043333333333333335,0.012250469280292081,0.005114855698888698,0.041903120238667886,0.0008971647482661597,7.0237182366122894
K1_C0p6,1.0,0.6,A,300,300,0,40,0.13333333333333333,0.07216187847683148,0.03526574118009139,0.25023082454751805,0.06473684256626078,7.0237182366122894
K1_C0p6,1.0,0.6,B,300,300,0,41,0.13666666666666666,0.06207668023773488,0.025881750372283654,0.19914154142588764,0.038437833027201995,7.0237182366122894
K1_C0p6,1.0,0.6,C,300,300,0,103,0.3433333333333333,0.2649828821974763,0.11080284528066886,0.8080844862654001,0.016341173234869104,7.0237182366122894
K1_C0p6,1.0,0.6,D,300,300,0,37,0.12333333333333334,0.05746136098660663,0.029004131105899132,0.18031950552890688,0.03668555760916163,7.0237182366122894
K1_C0p6,1.0,0.6,E,300,300,0,17,0.056666666666666664,0.01376259348562137,0.005416028008224257,0.04889161148727144,0.006998618201529789,7.0237182366122894
K1_C1p0,1.0,1.0,A,300,300,0,58,0.19333333333333333,0.11763336370136035,0.05761446739208751,0.3483485896509418,0.11435029599401433,7.0237182366122894
K1_C1p0,1.0,1.0,B,300,300,0,43,0.14333333333333334,0.07027803926655876,0.029199970972979838,0.21415298097382762,0.05910043436417557,7.0237182366122894
K1_C1p0,1.0,1.0,C,300,300,0,108,0.36,0.286298135844128,0.12793325256959076,0.7681519003243352,0.046851930695396005,7.0237182366122894
K1_C1p0,1.0,1.0,D,300,300,0,42,0.14,0.0666915773142999,0.027827699992030046,0.23599401437153603,0.05503387621271976,7.0237182366122894
K1_C1p0,1.0,1.0,E,300,300,0,19,0.06333333333333334,0.014838537973089717,0.0068415511831109235,0.056237932601827606,0.011432675339731236,7.0237182366122894
K2_C0p0,2.0,0.0,A,300,300,0,19,0.06333333333333334,0.023923253051982386,0.010713770630760414,0.06885647751053237,0.003066634865012123,14.047436473224579
K2_C0p0,2.0,0.0,B,300,300,0,19,0.06333333333333334,0.029208045993523633,0.011562423933966134,0.08949863135887515,0.0025097953273562667,14.047436473224579
K2_C0p0,2.0,0.0,C,300,300,0,62,0.20666666666666667,0.12454408403516094,0.05345815131086899,0.4023482945724889,0.001471676205408288,14.047436473224579
K2_C0p0,2.0,0.0,D,300,300,0,24,0.08,0.03007265456621772,0.012334625954372014,0.0833872930442985,-0.001387993737078332,14.047436473224579
K2_C0p0,2.0,0.0,E,300,300,0,5,0.016666666666666666,0.005963148539836405,0.0024514712433131927,0.02181828454854905,-0.00017921099392920737,14.047436473224579
K2_C0p6,2.0,0.6,A,300,300,0,18,0.06,0.0367090827257962,0.017785632629955875,0.130116552931447,0.032875733401745086,14.047436473224579
K2_C0p6,2.0,0.6,B,300,300,0,18,0.06,0.03129387717534082,0.013023537525192164,0.10180560741821551,0.01940010340777528,14.047436473224579
K2_C0p6,2.0,0.6,C,300,300,0,62,0.20666666666666667,0.13034459475600868,0.05411459706528256,0.38349162206163917,0.010238861810933406,14.047436473224579
K2_C0p6,2.0,0.6,D,300,300,0,22,0.07333333333333333,0.028827543183698245,0.014296001634701523,0.0908737200005714,0.017692678353340784,14.047436473224579
K2_C0p6,2.0,0.6,E,300,300,0,9,0.03,0.006585476697889634,0.002772042133267129,0.023961398014668064,0.0032324722892562354,14.047436473224579
K2_C1p0,2.0,1.0,A,300,300,0,35,0.11666666666666667,0.060449040942729015,0.029210510802756662,0.18204245929639198,0.058720136598815566,14.047436473224579
K2_C1p0,2.0,1.0,B,300,300,0,22,0.07333333333333333,0.03567682507170297,0.014658894062750054,0.11224337058245609,0.029974206156905325,14.047436473224579
K2_C1p0,2.0,1.0,C,300,300,0,58,0.19333333333333333,0.1368766800592221,0.06442476400199781,0.36269230801345675,0.026220334902923147,14.047436473224579
K2_C1p0,2.0,1.0,D,300,300,0,24,0.08,0.0336265308302824,0.013744122100494962,0.1175492562875615,0.026683680469452294,14.047436473224579
K2_C1p0,2.0,1.0,E,300,300,0,11,0.03666666666666667,0.007510767135891449,0.0034574371845623973,0.026286192004627767,0.005387594870305969,14.047436473224579
K5_C0p0,5.0,0.0,A,300,300,0,8,0.02666666666666667,0.00963732668955322,0.004278462881383569,0.027778628354054983,0.0012277811358262054,35.11859118306145
K5_C0p0,5.0,0.0,B,300,300,0,9,0.03,0.011665016148257908,0.004640938364575355,0.035287678142009,0.0010046832503388039,35.11859118306145
K5_C0p0,5.0,0.0,C,300,300,0,30,0.1,0.04850297637285993,0.021034004081937098,0.14153147934625618,-0.0030617810760238608,35.11859118306145
K5_C0p0,5.0,0.0,D,300,300,0,10,0.03333333333333333,0.01260529680962379,0.005123475029936965,0.0335453447106267,-0.0017469650684008389,35.11859118306145
K5_C0p0,5.0,0.0,E,300,300,0,1,0.0033333333333333335,0.0024421273511400234,0.001021149039550785,0.00880763768553448,-0.00026267090088347237,35.11859118306145
K5_C0p6,5.0,0.6,A,300,300,0,9,0.03,0.014843010451222906,0.007151945732585296,0.05397603888299799,0.013278300647560358,35.11859118306145
K5_C0p6,5.0,0.6,B,300,300,0,10,0.03333333333333333,0.012566234863384224,0.005229663414461835,0.04191661793839547,0.007804856818002231,35.11859118306145
K5_C0p6,5.0,0.6,C,300,300,0,33,0.11,0.05170506564279169,0.023004361559050647,0.14269608758235203,0.0012098173990971548,35.11859118306145
K5_C0p6,5.0,0.6,D,300,300,0,9,0.03,0.011258836453856842,0.005232599897870204,0.03564987023264336,0.00558442076374787,35.11859118306145
K5_C0p6,5.0,0.6,E,300,300,0,2,0.006666666666666667,0.0026590120253185364,0.0011464054243951263,0.010319285188014208,0.0012139066899298008,35.11859118306145
K5_C1p0,5.0,1.0,A,300,300,0,14,0.04666666666666667,0.024607665181124703,0.011785419467152575,0.07651820530628017,0.02389225089656131,35.11859118306145
K5_C1p0,5.0,1.0,B,300,300,0,9,0.03,0.014421310364186986,0.005878289129471528,0.04634346143710556,0.012096213915343108,35.11859118306145
K5_C1p0,5.0,1.0,C,300,300,0,28,0.09333333333333334,0.057473480357324344,0.023775203378983076,0.14335725435243074,0.010382558113475944,35.11859118306145
K5_C1p0,5.0,1.0,D,300,300,0,10,0.03333333333333333,0.013268238450470912,0.005350362857100661,0.04599542723339921,0.009369308597815039,35.11859118306145
K5_C1p0,5.0,1.0,E,300,300,0,3,0.01,0.0030129019249709277,0.0013894995502545678,0.010238094152137407,0.0020913766607580046,35.11859118306145
K10_C0p0,10.0,0.0,A,300,300,0,2,0.006666666666666667,0.0048302173775701274,0.0021380769439933783,0.013932744494939479,0.0006140788936837465,70.2371823661229
K10_C0p0,10.0,0.0,B,300,300,0,3,0.01,0.005840308588616732,0.0023231552371007647,0.017532980119458925,0.0005024694077348219,70.2371823661229
K10_C0p0,10.0,0.0,C,300,300,0,22,0.07333333333333333,0.025986557651766044,0.010053671618773427,0.07155332953558577,-0.0032579274401841906,70.2371823661229
K10_C0p0,10.0,0.0,D,300,300,0,3,0.01,0.006406823508305653,0.0021483356723011318,0.017127710063370168,-0.0016718453131608912,70.2371823661229
K10_C0p0,10.0,0.0,E,300,300,0,0,0.0,0.0012429479183525248,0.0005278460620179253,0.004469633490782014,-0.00015507395406574664,70.2371823661229
K10_C0p6,10.0,0.6,A,300,300,0,4,0.013333333333333334,0.007448845461717098,0.0035823442129437996,0.027342576621290263,0.006661044088679926,70.2371823661229
K10_C0p6,10.0,0.6,B,300,300,0,3,0.01,0.006302733032548633,0.0026182415577267848,0.02117340319435917,0.003910013348370307,70.2371823661229
K10_C0p6,10.0,0.6,C,300,300,0,18,0.06,0.026547314840259725,0.010857368121255616,0.07587555564831443,-7.74548381116519e-05,70.2371823661229
K10_C0p6,10.0,0.6,D,300,300,0,2,0.006666666666666667,0.0052986088115176775,0.002253010639391905,0.016983414890543943,0.0017252055651603153,70.2371823661229
K10_C0p6,10.0,0.6,E,300,300,0,0,0.0,0.001329275450507779,0.0005528573068600449,0.005218959143136934,0.0005866592642861763,70.2371823661229
K10_C1p0,10.0,1.0,A,300,300,0,7,0.023333333333333334,0.012378602008982938,0.005909972042109801,0.0389639502134311,0.012016636532332207,70.2371823661229
K10_C1p0,10.0,1.0,B,300,300,0,3,0.01,0.007217082291497024,0.0029416502775741447,0.023434131137271375,0.006066286645801148,70.2371823661229
K10_C1p0,10.0,1.0,C,300,300,0,22,0.07333333333333333,0.027476882815059292,0.010865799520947805,0.07092898558306726,0.003611788745492428,70.2371823661229
K10_C1p0,10.0,1.0,D,300,300,0,3,0.01,0.006084867173465507,0.002547060467952529,0.02297186946812873,0.003460929891514547,70.2371823661229
K10_C1p0,10.0,1.0,E,300,300,0,0,0.0,0.0014803588439877978,0.00068960815149067,0.005190898729154776,0.000995328831401878,70.2371823661229
K20_C0p0,20.0,0.0,A,300,300,0,0,0.0,0.0024180180372882195,0.00106875168615077,0.0069775784230156485,0.0003070865716336857,140.4743647322458
K20_C0p0,20.0,0.0,B,300,300,0,0,0.0,0.0029201532906993352,0.0011622514675606365,0.008735625486034872,0.0002512666742055305,140.4743647322458
K20_C0p0,20.0,0.0,C,300,300,0,10,0.03333333333333333,0.012499993529470116,0.005689637240478504,0.03396382974370535,-0.004143056849218403,140.4743647322458
K20_C0p0,20.0,0.0,D,300,300,0,0,0.0,0.003803696097811995,0.0014149403984492766,0.00953985480537319,-0.0015882828181104753,140.4743647322458
K20_C0p0,20.0,0.0,E,300,300,0,0,0.0,0.0006176771088041309,0.0002682656546714656,0.002144300596739546,-7.779558778970289e-05,140.4743647322458
K20_C0p6,20.0,0.6,A,300,300,0,1,0.0033333333333333335,0.003731333689471668,0.0017927734765138025,0.013763479063704029,0.003336049858617812,140.4743647322458
K20_C0p6,20.0,0.6,B,300,300,0,1,0.0033333333333333335,0.0031563165259135637,0.0013099765819664963,0.010642152149813653,0.0019569139928873225,140.4743647322458
K20_C0p6,20.0,0.6,C,300,300,0,13,0.043333333333333335,0.012384894582515512,0.005647980071401112,0.03878061821926633,-0.0007969983019373395,140.4743647322458
K20_C0p6,20.0,0.6,D,300,300,0,1,0.0033333333333333335,0.003248950217922566,0.0010013692008307594,0.00818146872678413,-0.00025818267764579053,140.4743647322458
K20_C0p6,20.0,0.6,E,300,300,0,0,0.0,0.0006540421281507568,0.00028917535059261995,0.0026588039403858356,0.00029399130471481193,140.4743647322458
K20_C1p0,20.0,1.0,A,300,300,0,1,0.0033333333333333335,0.00620833673302968,0.0029593396686339274,0.019668155427848517,0.0060262604921833395,140.4743647322458
K20_C1p0,20.0,1.0,B,300,300,0,1,0.0033333333333333335,0.003608535024017017,0.001471456348086517,0.011784926474907295,0.0030377293832455285,140.4743647322458
K20_C1p0,20.0,1.0,C,300,300,0,12,0.04,0.01398670991674875,0.006134061044113193,0.03448532842110316,0.00047536135951605114,140.4743647322458
K20_C1p0,20.0,1.0,D,300,300,0,1,0.0033333333333333335,0.0028496483300272865,0.00116919398872053,0.01046787326623424,0.0007873903997820822,140.4743647322458
K20_C1p0,20.0,1.0,E,300,300,0,0,0.0,0.00073867250092831,0.0003455431347901469,0.002681962357673214,0.0005012302425607051,140.4743647322458
